Stations_id,Bezugszeitraum,Datenquelle,Jan.,Feb.,Mâ€°rz,Apr.,Mai,Jun.,Jul.,Aug.,Sept.,Okt.,Nov.,Dez.,Jahr
1,1981-2010,46,56.9,81.5,126.0,164.1,197.4,215.4,239.7,219.1,161.3,109.6,60.3,42.7,1673.9
3,1981-2010,44,63.5,83.0,119.3,163.3,195.6,196.6,208.5,195.7,149.3,120.4,71.0,50.2,1613.6
44,1981-2010,44,37.3,70.8,106.3,171.7,215.5,193.0,208.4,201.7,133.1,102.0,46.3,31.4,1506.7
52,1981-2010,46,39.5,64.6,105.9,168.7,215.1,191.9,210.2,197.5,141.6,104.4,47.3,30.6,1517.2
61,1981-2010,46,47.1,82.4,122.5,180.0,224.9,224.2,242.8,223.0,161.8,109.7,46.7,38.7,1703.8
70,1981-2010,46,67.0,85.7,122.3,159.1,189.5,198.9,224.6,212.6,158.4,109.5,67.4,49.5,1644.5
71,1981-2010,42,72.0,90.0,128.0,157.0,192.0,206.0,230.0,214.0,159.0,112.0,68.0,51.0,1679.0
72,1981-2010,46,63.6,84.5,119.5,153.8,179.9,176.8,206.3,205.7,153.7,104.9,60.5,45.4,1554.8
73,1981-2010,44,46.2,73.0,107.1,172.4,222.0,215.4,239.4,223.0,139.2,97.3,45.1,40.3,1617.9
78,1981-2010,46,46.3,71.7,107.8,163.7,203.6,189.6,203.4,188.0,137.4,104.5,51.8,37.5,1505.3
91,1981-2010,46,40.7,69.7,106.2,165.1,195.6,195.7,210.5,197.3,137.8,92.7,39.5,30.3,1481.0
93,1981-2010,46,38.6,67.9,106.8,165.2,195.2,197.3,212.2,197.3,138.0,90.9,37.6,28.3,1475.3
96,1981-2010,42,48.0,69.0,115.0,187.0,235.0,220.0,233.0,215.0,153.0,110.0,49.0,37.0,1671.0
98,1981-2010,46,44.1,73.4,98.8,154.1,183.5,181.3,194.5,180.8,125.3,90.1,39.2,35.1,1400.2
116,1981-2010,46,56.7,75.0,110.8,169.4,211.6,201.0,221.2,208.9,147.5,113.0,55.4,44.2,1614.6
125,1981-2010,42,80.0,96.0,131.0,165.0,196.0,199.0,227.0,211.0,155.0,123.0,77.0,61.0,1721.0
129,1981-2010,46,47.1,69.1,116.6,183.8,238.3,215.3,233.8,212.3,150.5,113.1,50.7,35.6,1666.1
131,1981-2010,42,62.0,79.0,114.0,170.0,215.0,203.0,222.0,210.0,150.0,119.0,60.0,50.0,1654.0
132,1981-2010,46,53.4,80.2,110.1,165.2,203.3,193.2,216.8,211.1,153.5,113.2,53.5,43.6,1597.0
142,1981-2010,46,62.0,86.7,125.6,170.6,208.0,210.0,235.0,217.4,158.1,112.0,60.6,46.7,1692.8
150,1981-2010,44,42.8,74.5,122.9,184.3,217.3,216.5,235.2,222.2,153.9,89.5,48.3,36.6,1649.9
151,1981-2010,46,44.0,76.9,112.8,169.4,205.9,203.1,225.8,212.2,152.5,107.2,44.6,33.6,1587.9
154,1981-2010,42,66.0,89.0,125.0,169.0,206.0,200.0,232.0,213.0,157.0,120.0,68.0,49.0,1694.0
161,1981-2010,42,39.0,69.0,104.0,156.0,181.0,188.0,202.0,186.0,132.0,90.0,41.0,29.0,1417.0
164,1981-2010,44,51.7,71.9,123.9,186.4,238.1,218.7,242.5,217.3,157.7,114.9,50.9,39.7,1713.7
167,1981-2010,42,48.0,68.0,119.0,188.0,246.0,225.0,246.0,217.0,156.0,114.0,52.0,38.0,1717.0
169,1981-2010,46,55.4,73.3,102.4,161.8,195.5,186.1,209.9,201.1,139.7,108.2,52.4,47.1,1533.0
172,1981-2010,46,50.3,73.5,106.1,159.8,200.9,183.0,197.2,189.1,137.7,104.4,53.6,40.4,1496.0
174,1981-2010,46,49.6,81.1,121.0,169.4,202.5,214.1,233.1,217.2,159.9,101.6,55.8,38.2,1643.6
175,1981-2010,46,49.7,79.0,119.5,174.9,212.8,215.4,236.5,221.2,159.8,107.8,51.4,37.5,1665.4
177,1981-2010,46,49.3,79.2,119.0,174.1,211.7,214.3,235.1,220.0,159.1,107.8,50.9,37.0,1657.4
183,1981-2010,44,46.0,65.2,131.3,206.2,272.4,253.1,276.3,242.0,172.0,116.6,54.5,38.7,1880.0
184,1981-2010,46,50.1,71.5,113.0,176.8,225.0,212.9,225.5,207.6,150.6,112.4,53.4,39.4,1638.3
185,1981-2010,46,41.1,62.5,110.4,179.9,235.6,216.6,230.4,210.7,145.1,101.7,54.0,35.8,1623.9
186,1981-2010,46,49.6,76.7,107.3,159.4,193.9,190.0,202.9,186.8,134.7,103.5,52.9,37.9,1495.4
191,1981-2010,42,43.0,75.0,113.0,170.0,204.0,206.0,226.0,211.0,151.0,99.0,44.0,32.0,1574.0
193,1981-2010,46,41.7,68.6,106.1,159.1,193.7,190.9,204.2,190.1,134.3,93.7,41.0,31.0,1454.5
198,1981-2010,44,53.0,73.5,112.0,170.7,215.7,207.7,218.3,204.2,145.1,103.0,50.4,39.4,1591.1
202,1981-2010,46,43.8,76.9,118.0,177.3,209.4,213.5,233.3,218.5,156.3,103.2,46.9,32.6,1629.8
207,1981-2010,46,52.1,73.5,111.2,168.6,212.6,203.4,216.2,204.1,144.8,109.1,53.6,41.0,1590.1
211,1981-2010,46,42.9,73.5,111.5,170.7,197.6,203.3,218.4,204.0,142.1,94.6,42.4,32.2,1533.2
217,1981-2010,46,74.2,92.1,126.7,162.2,197.8,197.6,227.9,209.4,153.5,121.3,73.2,56.9,1692.8
221,1981-2010,46,57.9,86.0,126.1,173.0,214.5,212.5,237.1,218.9,161.0,113.2,59.2,44.2,1703.7
222,1981-2010,42,57.0,75.0,104.0,159.0,189.0,182.0,207.0,196.0,139.0,110.0,53.0,45.0,1516.0
231,1981-2010,46,62.7,88.5,126.2,171.7,204.6,213.8,236.6,219.9,157.4,109.0,59.2,46.8,1696.6
232,1981-2010,44,64.1,90.1,127.3,175.2,210.0,218.1,240.1,223.2,159.3,107.9,59.1,48.7,1721.1
243,1981-2010,46,44.0,69.2,111.2,177.9,218.3,195.3,207.1,193.8,137.7,102.5,51.0,37.2,1545.2
257,1981-2010,46,51.0,74.1,113.5,164.4,193.5,210.7,230.8,216.1,154.4,101.2,55.0,36.1,1600.7
259,1981-2010,46,49.4,72.0,121.0,163.1,193.9,216.5,237.4,222.8,157.0,102.3,52.3,35.3,1623.0
268,1981-2010,42,59.0,79.0,118.0,160.0,189.0,204.0,225.0,214.0,156.0,109.0,64.0,44.0,1621.0
273,1981-2010,46,57.1,84.5,130.6,170.6,203.2,216.1,242.8,220.5,160.9,108.4,61.3,43.0,1698.9
282,1981-2010,44,51.2,81.3,112.6,170.5,208.7,211.2,226.5,213.3,155.6,105.0,49.0,39.5,1624.1
283,1981-2010,46,52.3,82.3,112.7,169.7,207.7,209.1,226.2,213.2,154.9,105.9,50.8,40.2,1624.8
284,1981-2010,46,52.9,83.9,112.8,169.7,207.8,209.4,226.2,213.4,155.2,106.9,51.1,40.6,1630.0
288,1981-2010,46,48.4,68.0,119.8,188.4,246.8,225.5,248.1,217.4,156.2,113.6,52.1,38.2,1722.5
294,1981-2010,42,45.0,70.0,105.0,162.0,205.0,192.0,206.0,192.0,138.0,102.0,49.0,35.0,1501.0
298,1981-2010,46,44.9,65.8,120.9,191.1,254.5,231.2,250.8,219.4,156.9,110.5,52.3,35.8,1734.0
303,1981-2010,42,54.0,74.0,117.0,176.0,223.0,209.0,230.0,215.0,155.0,117.0,60.0,43.0,1673.0
314,1981-2010,42,55.0,75.0,114.0,176.0,219.0,206.0,226.0,215.0,150.0,117.0,56.0,45.0,1654.0
320,1981-2010,44,44.0,70.7,108.7,171.9,210.3,208.1,228.1,215.8,156.6,110.2,46.2,34.9,1605.5
326,1981-2010,42,48.0,74.0,109.0,164.0,201.0,195.0,208.0,191.0,137.0,105.0,51.0,39.0,1522.0
327,1981-2010,46,44.9,69.2,110.9,174.6,222.3,199.4,214.7,199.9,142.4,105.1,51.9,36.1,1571.4
330,1981-2010,46,45.8,82.3,118.5,169.7,198.1,202.4,222.7,213.4,159.3,108.5,52.8,36.3,1609.7
335,1981-2010,46,41.6,62.5,112.4,180.3,237.0,214.0,232.0,212.7,146.9,106.2,51.7,33.5,1630.9
342,1981-2010,42,48.0,73.0,108.0,164.0,203.0,190.0,205.0,189.0,138.0,105.0,53.0,39.0,1515.0
348,1981-2010,46,45.9,72.8,108.0,162.8,189.2,193.7,205.4,192.8,137.3,92.7,45.2,35.6,1481.4
355,1981-2010,46,37.1,74.5,119.0,179.1,212.3,217.0,237.5,223.4,158.8,100.3,42.8,29.0,1630.8
361,1981-2010,46,56.2,76.1,109.6,154.6,184.5,174.8,206.5,194.5,143.4,112.1,60.2,37.4,1510.0
365,1981-2010,46,48.3,78.4,114.0,171.0,208.0,207.7,228.3,214.2,154.0,107.3,49.7,36.7,1617.8
368,1981-2010,42,45.0,69.0,108.0,167.0,213.0,199.0,213.0,199.0,144.0,107.0,50.0,35.0,1549.0
377,1981-2010,46,49.8,84.7,127.7,176.0,211.6,225.1,241.7,226.8,169.2,105.1,59.9,39.5,1717.0
379,1981-2010,46,57.7,74.1,110.8,166.0,203.3,196.6,215.2,206.2,146.8,112.8,57.8,44.4,1591.9
386,1981-2010,46,41.6,73.6,104.8,162.4,193.9,193.5,208.7,194.4,133.4,93.8,40.5,32.6,1473.3
390,1981-2010,42,46.0,78.0,108.0,164.0,198.0,197.0,212.0,199.0,137.0,98.0,45.0,36.0,1518.0
395,1981-2010,46,52.9,74.7,116.6,184.5,232.9,220.0,238.2,219.4,157.9,117.9,56.2,41.8,1713.0
399,1981-2010,42,52.0,73.0,119.0,184.0,231.0,219.0,238.0,219.0,156.0,117.0,55.0,41.0,1704.0
400,1981-2010,46,51.3,73.6,117.5,183.6,226.2,216.7,234.0,216.5,150.2,113.9,53.8,40.2,1677.5
402,1981-2010,46,56.0,75.8,119.6,183.8,230.2,219.6,238.6,219.4,159.3,119.4,59.1,44.6,1725.3
403,1981-2010,44,55.8,76.1,119.1,183.4,229.9,219.4,238.5,218.3,158.2,119.8,58.8,44.3,1726.6
405,1981-2010,46,52.0,74.1,117.6,185.4,232.8,220.7,240.2,221.0,157.8,118.2,55.6,41.1,1716.5
407,1981-2010,42,52.0,73.0,117.0,183.0,230.0,217.0,237.0,218.0,155.0,115.0,55.0,41.0,1693.0
408,1981-2010,46,51.7,73.0,116.9,182.8,230.7,218.5,238.1,218.4,155.2,116.0,55.3,40.9,1697.5
410,1981-2010,42,52.0,74.0,118.0,186.0,234.0,222.0,242.0,223.0,159.0,119.0,56.0,41.0,1726.0
416,1981-2010,42,53.0,75.0,117.0,184.0,232.0,220.0,238.0,220.0,157.0,118.0,56.0,42.0,1712.0
417,1981-2010,46,53.9,75.0,118.0,183.8,230.6,219.3,238.5,219.7,157.5,118.8,57.1,42.7,1714.9
420,1981-2010,42,52.0,74.0,118.0,183.0,229.0,218.0,237.0,217.0,155.0,116.0,56.0,41.0,1696.0
422,1981-2010,46,51.7,73.0,116.9,182.8,230.7,218.5,238.1,218.4,155.2,116.0,55.3,40.9,1697.5
424,1981-2010,46,51.9,73.7,117.9,183.7,230.8,219.3,237.8,219.2,155.8,116.9,55.4,40.8,1703.3
425,1981-2010,42,53.0,74.0,117.0,185.0,233.0,220.0,238.0,219.0,158.0,118.0,56.0,42.0,1713.0
427,1981-2010,46,53.0,74.5,117.1,183.9,232.1,218.9,236.3,217.9,158.1,117.7,56.5,42.6,1708.5
429,1981-2010,46,51.6,72.9,115.7,182.7,230.4,217.8,237.4,218.0,154.8,116.2,55.4,40.7,1693.6
430,1981-2010,44,51.0,70.3,114.5,179.0,229.2,219.2,239.3,218.3,151.7,115.3,54.8,40.7,1682.6
432,1981-2010,46,50.8,72.1,114.7,181.8,230.5,217.5,237.6,217.5,153.9,115.1,54.7,40.4,1686.6
433,1981-2010,44,51.9,73.6,115.8,181.5,229.4,219.7,238.2,219.7,157.0,117.6,55.8,40.8,1705.2
434,1981-2010,46,52.1,74.0,116.7,183.3,231.4,219.7,238.3,219.6,157.0,117.6,55.8,41.0,1706.6
435,1981-2010,46,53.9,75.0,118.0,184.0,230.6,219.4,238.6,219.8,157.6,118.8,57.1,42.7,1715.5
445,1981-2010,42,56.0,77.0,115.0,173.0,221.0,213.0,223.0,211.0,149.0,113.0,59.0,44.0,1654.0
460,1981-2010,42,47.0,82.0,123.0,177.0,207.0,219.0,244.0,221.0,160.0,102.0,52.0,39.0,1673.0
474,1981-2010,46,62.3,86.6,125.9,165.8,198.2,209.4,233.9,215.6,158.0,109.7,64.0,47.5,1677.0
480,1981-2010,46,45.5,74.7,111.3,166.2,194.8,196.6,214.6,199.2,140.0,93.5,42.1,34.2,1512.6
502,1981-2010,44,39.6,72.1,110.2,159.6,205.6,203.9,231.6,218.6,155.5,98.0,46.7,30.0,1571.4
524,1981-2010,46,55.6,76.0,114.4,176.5,221.1,211.1,227.3,211.8,151.2,116.4,56.6,44.4,1662.3
526,1981-2010,46,37.2,63.7,99.5,158.6,191.9,186.1,208.6,191.8,133.9,94.3,38.4,26.6,1430.6
535,1981-2010,42,46.0,77.0,113.0,165.0,193.0,201.0,217.0,200.0,146.0,100.0,51.0,36.0,1545.0
550,1981-2010,46,59.1,77.1,111.6,165.8,204.5,193.8,213.9,204.5,147.4,113.5,58.7,46.5,1596.5
553,1981-2010,46,53.5,77.6,112.7,171.0,208.1,199.2,212.9,193.9,140.1,110.6,57.6,42.5,1579.7
555,1981-2010,42,50.0,73.0,106.0,159.0,191.0,184.0,200.0,183.0,132.0,104.0,53.0,40.0,1475.0
576,1981-2010,46,64.2,85.1,122.7,164.8,196.9,210.6,231.4,218.4,160.2,111.5,67.3,48.5,1681.4
578,1981-2010,46,53.3,83.1,120.5,174.0,212.5,212.6,232.7,218.2,156.2,107.2,51.9,41.0,1663.3
588,1981-2010,46,35.7,62.7,99.8,157.7,196.1,187.3,202.0,189.9,129.0,89.4,36.3,24.9,1410.7
591,1981-2010,46,46.1,69.8,110.5,177.6,230.6,207.3,227.2,208.1,150.3,109.4,52.0,35.7,1624.5
592,1981-2010,46,38.8,62.2,100.8,168.3,219.3,196.1,212.0,198.4,137.5,101.2,47.3,31.1,1513.0
596,1981-2010,44,47.5,69.0,121.8,189.4,252.0,227.8,243.3,218.0,154.8,116.6,56.7,38.7,1735.4
598,1981-2010,46,49.7,75.4,110.9,162.9,190.3,195.7,209.5,193.4,140.9,103.3,54.2,39.1,1525.3
599,1981-2010,46,49.9,75.4,110.4,162.4,190.0,195.9,209.8,194.1,140.8,103.0,53.5,39.1,1524.1
601,1981-2010,46,51.6,76.7,112.3,162.0,188.3,193.3,208.0,192.4,141.8,104.7,56.1,40.2,1527.3
603,1981-2010,42,51.0,76.0,110.0,163.0,190.0,195.0,209.0,194.0,141.0,104.0,55.0,41.0,1529.0
606,1981-2010,46,63.3,85.8,125.4,165.2,197.4,207.2,233.1,213.4,155.6,109.7,63.9,48.2,1668.2
614,1981-2010,46,39.3,65.9,102.0,158.8,195.0,189.5,201.9,188.8,130.8,89.8,39.6,29.3,1430.7
617,1981-2010,42,51.0,75.0,111.0,166.0,201.0,194.0,209.0,189.0,139.0,107.0,55.0,41.0,1538.0
642,1981-2010,46,42.2,67.2,105.5,167.4,207.5,189.8,202.5,190.5,137.2,103.9,50.0,36.2,1499.9
643,1981-2010,46,42.5,67.7,106.3,168.5,209.2,190.7,203.5,191.1,137.9,104.0,50.0,36.1,1507.4
645,1981-2010,46,47.5,73.1,108.3,163.8,203.6,189.4,203.7,188.6,137.6,105.4,52.7,38.7,1512.5
650,1981-2010,46,50.8,73.2,113.8,179.9,226.6,214.3,231.3,214.5,152.7,115.7,54.6,40.2,1667.7
652,1981-2010,46,50.2,80.6,115.0,169.2,208.0,208.6,227.4,212.6,154.3,109.5,52.7,38.1,1626.2
656,1981-2010,42,53.0,76.0,100.0,155.0,193.0,186.0,198.0,184.0,133.0,100.0,48.0,43.0,1469.0
660,1981-2010,46,48.9,72.0,108.6,168.9,214.8,208.3,216.4,203.9,145.0,111.5,50.1,36.8,1585.2
661,1981-2010,46,49.2,71.2,108.8,169.2,215.3,208.7,216.8,204.2,145.4,111.2,50.5,37.0,1587.7
685,1981-2010,46,48.0,72.1,108.8,165.1,194.0,197.0,223.8,209.6,153.5,102.8,51.3,37.4,1563.5
699,1981-2010,46,45.5,70.5,106.8,169.6,213.1,192.8,206.4,193.4,141.8,107.2,52.1,37.9,1537.1
702,1981-2010,46,45.5,69.4,111.0,174.3,221.6,197.3,211.5,197.1,141.6,104.2,51.9,36.9,1562.5
703,1981-2010,46,42.7,67.5,107.1,169.6,216.7,195.4,212.3,197.3,141.0,104.6,50.2,34.5,1539.0
704,1981-2010,42,43.0,67.0,107.0,169.0,216.0,195.0,212.0,197.0,141.0,105.0,50.0,35.0,1537.0
705,1981-2010,46,42.8,67.5,107.6,170.5,218.0,196.2,213.6,198.5,141.4,104.6,50.5,34.4,1545.6
706,1981-2010,46,55.9,79.3,126.7,167.1,197.0,221.7,243.5,225.9,161.1,107.2,59.3,42.0,1686.6
710,1981-2010,46,57.0,81.0,123.0,174.9,207.7,220.6,244.1,229.0,167.0,111.1,61.9,43.1,1720.5
717,1981-2010,46,42.5,72.3,106.3,156.7,188.9,185.5,199.2,187.1,132.7,96.0,42.5,32.0,1441.7
727,1981-2010,46,43.9,78.3,118.6,174.2,208.1,211.4,232.8,219.4,158.8,104.7,48.2,33.9,1632.4
729,1981-2010,46,49.9,74.5,107.0,159.9,195.8,191.9,207.5,196.4,142.3,101.3,49.2,39.4,1515.0
736,1981-2010,46,48.7,80.1,117.7,169.8,198.0,207.7,227.5,210.7,153.7,103.4,53.7,39.6,1610.5
757,1981-2010,42,62.0,85.0,121.0,161.0,191.0,211.0,236.0,224.0,164.0,120.0,68.0,44.0,1687.0
760,1981-2010,46,40.0,64.2,107.1,170.2,219.6,199.1,216.1,201.0,142.3,104.4,47.3,30.9,1542.2
766,1981-2010,42,47.0,74.0,113.0,165.0,190.0,196.0,214.0,199.0,146.0,99.0,52.0,36.0,1531.0
769,1981-2010,42,48.0,72.0,105.0,161.0,206.0,192.0,208.0,194.0,138.0,106.0,52.0,37.0,1519.0
771,1981-2010,46,37.2,72.0,112.6,174.3,205.2,206.6,223.9,208.4,146.3,96.3,39.8,27.0,1549.7
772,1981-2010,46,46.2,72.6,114.1,168.3,197.4,215.0,234.7,220.0,155.6,98.7,50.9,31.9,1605.5
773,1981-2010,46,55.3,77.7,114.7,165.5,195.2,210.4,230.3,218.4,157.5,105.4,60.6,40.7,1631.7
793,1981-2010,46,51.8,81.9,118.1,168.4,196.7,204.8,224.9,209.1,154.4,106.1,57.2,42.5,1615.9
817,1981-2010,46,40.2,70.6,106.3,162.8,192.8,193.1,207.8,193.5,135.0,93.3,39.3,29.8,1464.5
840,1981-2010,42,62.0,78.0,104.0,157.0,190.0,177.0,200.0,195.0,144.0,112.0,57.0,51.0,1527.0
848,1981-2010,46,44.9,69.1,107.1,167.3,214.4,200.7,214.8,203.3,144.5,105.5,48.8,34.4,1554.9
851,1981-2010,46,44.1,77.6,114.3,170.7,209.1,203.6,224.6,206.1,147.8,107.6,46.0,36.2,1587.9
856,1981-2010,42,70.0,80.0,123.0,169.0,205.0,198.0,231.0,211.0,158.0,124.0,69.0,52.0,1690.0
865,1981-2010,46,40.4,69.1,106.8,167.9,211.1,192.0,205.9,193.2,136.9,104.1,48.2,32.7,1508.4
876,1981-2010,46,63.0,80.2,116.5,173.8,219.0,207.1,223.0,209.4,151.3,121.2,64.8,51.0,1680.4
879,1981-2010,46,56.3,75.1,119.8,183.5,231.2,219.5,238.6,224.3,158.4,121.7,60.8,47.5,1736.7
881,1981-2010,46,50.9,79.7,117.9,168.4,202.4,209.0,230.4,214.7,158.3,107.0,53.9,38.1,1630.8
888,1981-2010,46,58.6,76.1,111.7,168.4,210.8,201.2,222.5,208.6,149.6,115.4,57.1,46.6,1626.7
896,1981-2010,42,49.0,71.0,110.0,168.0,206.0,204.0,219.0,205.0,145.0,105.0,49.0,36.0,1567.0
917,1981-2010,42,47.0,80.0,120.0,176.0,208.0,214.0,232.0,218.0,158.0,103.0,50.0,37.0,1643.0
918,1981-2010,46,44.7,79.1,119.8,178.2,210.6,215.8,234.3,220.8,158.0,101.5,48.4,35.6,1646.8
919,1981-2010,46,45.4,79.8,119.5,177.6,209.4,214.0,232.2,219.6,157.3,102.9,48.4,36.0,1642.1
931,1981-2010,46,61.6,88.1,133.6,169.6,203.7,214.8,239.1,220.6,164.9,111.6,65.6,49.0,1722.0
948,1981-2010,46,54.5,74.8,114.3,176.6,221.4,212.1,227.7,212.1,151.9,114.4,56.8,43.3,1660.0
953,1981-2010,42,52.0,82.0,117.0,171.0,199.0,208.0,229.0,212.0,156.0,110.0,59.0,42.0,1637.0
963,1981-2010,46,44.7,71.8,107.9,165.6,206.9,190.1,203.9,191.6,139.3,106.8,51.4,37.3,1517.2
964,1981-2010,46,41.5,74.5,115.1,164.5,187.9,197.2,214.0,195.9,145.4,96.3,47.8,32.2,1512.3
965,1981-2010,46,55.8,74.9,112.5,174.3,218.0,206.5,226.0,211.9,149.1,115.7,56.4,45.5,1646.5
970,1981-2010,46,50.0,79.8,116.1,170.4,207.9,209.4,228.9,214.4,156.0,108.0,51.7,37.7,1630.3
979,1981-2010,46,43.0,73.6,108.2,165.9,193.6,196.8,212.8,197.8,139.4,95.2,43.2,31.4,1501.0
982,1981-2010,46,54.0,79.7,119.4,167.5,202.4,211.6,234.4,214.6,152.0,101.1,53.3,39.2,1629.2
983,1981-2010,42,55.0,79.0,120.0,168.0,203.0,212.0,235.0,215.0,152.0,101.0,54.0,39.0,1633.0
991,1981-2010,42,55.0,72.0,109.0,168.0,210.0,197.0,218.0,206.0,146.0,112.0,53.0,45.0,1591.0
998,1981-2010,46,60.2,78.6,116.7,161.0,191.4,207.0,222.2,209.3,155.9,100.8,62.4,43.8,1609.2
1000,1981-2010,46,47.0,66.9,119.4,189.1,250.3,222.6,240.3,213.7,154.4,110.8,53.3,35.5,1703.3
1001,1981-2010,46,56.4,75.4,115.5,179.1,221.7,210.8,230.6,215.9,154.6,119.2,58.0,46.3,1683.3
1003,1981-2010,46,58.8,77.6,114.1,172.4,216.2,205.7,224.0,210.2,149.9,117.4,59.1,47.6,1652.9
1006,1981-2010,46,45.2,68.5,111.3,176.9,225.8,208.4,222.3,207.5,147.5,110.0,50.7,34.7,1608.9
1018,1981-2010,46,68.3,88.7,128.7,161.2,196.0,214.6,239.3,221.5,166.2,115.7,71.0,54.4,1725.5
1032,1981-2010,46,48.4,73.8,106.9,161.6,194.4,189.2,203.6,187.9,133.7,103.5,50.7,38.0,1491.8
1047,1981-2010,46,56.0,73.9,111.0,172.1,216.9,202.1,224.9,210.0,148.3,115.3,56.5,47.7,1634.6
1050,1981-2010,42,56.0,74.0,112.0,172.0,216.0,202.0,224.0,208.0,148.0,115.0,58.0,48.0,1633.0
1051,1981-2010,42,56.0,74.0,111.0,172.0,217.0,202.0,225.0,209.0,148.0,115.0,57.0,48.0,1634.0
1052,1981-2010,42,53.0,73.0,113.0,176.0,221.0,212.0,226.0,210.0,152.0,115.0,56.0,42.0,1649.0
1066,1981-2010,46,45.6,70.7,105.8,161.9,200.7,196.0,207.6,195.5,137.4,99.6,44.8,33.5,1499.2
1072,1981-2010,46,46.5,79.4,121.2,176.6,206.7,218.1,237.0,220.0,159.6,102.7,51.8,36.8,1656.5
1073,1981-2010,46,48.6,80.6,122.3,176.7,206.6,217.2,236.3,220.0,160.6,103.8,54.0,38.8,1665.4
1074,1981-2010,46,55.7,74.8,113.3,175.1,219.4,208.9,225.2,210.3,149.5,114.9,56.6,44.2,1648.0
1079,1981-2010,46,52.0,75.6,110.8,166.0,196.5,195.6,208.5,192.1,136.6,106.6,55.1,40.3,1535.6
1084,1981-2010,46,52.6,75.5,110.7,165.0,198.5,192.4,207.3,190.2,137.2,108.6,55.7,41.5,1535.2
1087,1981-2010,46,51.7,75.2,110.4,165.2,198.9,193.1,208.1,190.0,136.3,108.1,55.1,40.8,1532.8
1091,1981-2010,46,49.0,71.8,108.8,163.7,203.6,198.1,212.4,199.9,141.3,102.9,48.9,36.7,1537.1
1102,1981-2010,42,57.0,82.0,120.0,167.0,200.0,212.0,234.0,219.0,158.0,106.0,57.0,40.0,1652.0
1103,1981-2010,46,69.5,91.1,126.1,166.7,199.7,195.8,221.0,207.8,158.3,120.5,68.8,51.2,1676.4
1106,1981-2010,46,50.4,72.4,118.2,184.9,232.6,219.2,238.0,217.3,154.0,115.2,52.6,39.3,1694.0
1107,1981-2010,46,47.1,78.3,112.9,169.9,205.8,203.8,223.5,212.3,154.6,106.5,48.7,35.3,1598.6
1130,1981-2010,46,42.9,64.4,109.9,177.2,231.7,211.0,224.0,208.2,142.6,99.8,54.1,36.9,1602.8
1146,1981-2010,46,63.0,84.9,122.0,163.6,195.1,209.2,230.2,217.0,159.9,112.0,66.5,47.6,1671.0
1154,1981-2010,46,55.8,84.2,123.5,173.3,213.4,207.6,234.6,215.3,156.3,115.6,55.8,46.5,1682.0
1161,1981-2010,42,52.0,82.0,121.0,175.0,213.0,215.0,235.0,219.0,157.0,106.0,50.0,39.0,1664.0
1169,1981-2010,46,56.4,78.8,123.2,164.8,195.7,218.7,242.8,224.4,159.8,108.8,60.8,41.3,1675.5
1172,1981-2010,46,44.3,67.0,104.7,160.0,194.3,187.6,199.3,192.1,133.9,96.9,44.7,33.4,1458.1
1182,1981-2010,46,51.7,73.6,110.8,170.0,213.2,204.3,217.8,205.1,144.5,107.9,51.9,40.0,1590.7
1188,1981-2010,46,47.1,71.0,101.0,155.8,194.2,189.2,207.6,199.2,140.1,98.1,47.4,37.7,1488.4
1200,1981-2010,42,46.0,70.0,115.0,182.0,232.0,207.0,223.0,209.0,146.0,105.0,54.0,37.0,1626.0
1201,1981-2010,46,58.1,79.4,114.3,164.2,191.7,193.4,208.2,194.9,141.7,110.5,62.3,46.2,1564.9
1204,1981-2010,46,42.8,68.1,106.4,168.5,210.4,191.1,204.5,191.7,138.6,104.5,50.0,35.9,1512.4
1207,1981-2010,42,49.0,71.0,103.0,160.0,197.0,189.0,210.0,202.0,144.0,105.0,48.0,38.0,1516.0
1214,1981-2010,42,66.0,85.0,120.0,155.0,186.0,205.0,228.0,217.0,158.0,113.0,64.0,43.0,1640.0
1219,1981-2010,46,47.7,73.7,113.4,177.1,215.2,192.8,204.8,189.0,140.0,105.3,53.3,39.9,1552.2
1221,1981-2010,46,47.3,72.9,113.2,178.0,215.5,191.7,204.2,189.9,139.4,105.1,53.4,39.9,1550.6
1224,1981-2010,46,52.2,79.7,122.5,165.1,197.8,220.4,242.1,226.3,162.4,106.7,59.7,39.5,1674.5
1229,1981-2010,46,46.2,74.0,110.7,163.8,191.2,196.0,209.3,195.4,139.8,95.8,46.9,35.0,1504.1
1238,1981-2010,46,45.7,73.9,105.4,163.5,190.6,191.2,205.5,191.9,134.8,99.3,48.0,35.5,1485.3
1239,1981-2010,46,58.0,81.5,126.4,163.2,197.3,213.0,237.9,218.8,161.6,111.3,61.8,44.4,1675.0
1243,1981-2010,46,70.2,92.4,125.4,161.2,191.1,203.3,225.3,215.0,165.1,118.6,74.8,53.4,1695.5
1246,1981-2010,46,47.6,73.4,108.0,163.4,200.2,193.1,206.2,190.4,136.4,104.4,50.3,37.9,1511.4
1254,1981-2010,46,52.5,78.9,120.3,173.2,206.9,218.1,237.5,223.3,160.7,103.7,55.8,39.3,1670.2
1255,1981-2010,42,54.0,80.0,121.0,174.0,206.0,219.0,239.0,224.0,162.0,104.0,57.0,41.0,1681.0
1262,1981-2010,42,65.0,92.0,131.0,175.0,217.0,215.0,240.0,221.0,162.0,116.0,63.0,49.0,1746.0
1266,1981-2010,46,44.7,66.1,112.5,180.3,231.6,207.4,225.0,213.8,145.9,105.5,54.6,36.7,1624.2
1275,1981-2010,46,50.9,81.7,123.9,175.7,215.7,210.3,238.2,216.7,156.3,114.1,51.7,43.3,1678.5
1276,1981-2010,46,53.7,81.6,129.2,171.1,203.3,216.5,241.1,218.4,158.0,105.9,56.4,40.6,1675.8
1280,1981-2010,46,50.5,80.4,113.5,170.9,210.0,212.2,231.4,213.9,155.4,109.8,51.8,35.9,1635.7
1287,1981-2010,46,44.8,75.7,114.7,171.2,205.0,208.5,229.0,214.9,155.0,102.3,48.0,34.2,1603.4
1292,1981-2010,46,45.0,73.7,108.0,167.2,204.6,201.4,221.8,210.6,151.8,105.9,46.8,35.5,1572.4
1297,1981-2010,46,41.1,67.0,104.4,161.6,196.7,195.5,207.7,193.6,134.3,93.7,40.3,28.2,1464.2
1299,1981-2010,46,45.9,71.8,116.2,181.6,225.2,202.8,215.5,200.6,143.4,105.8,53.4,38.2,1600.5
1300,1981-2010,46,47.0,74.8,105.7,158.7,189.6,187.1,200.7,187.2,133.0,98.2,47.0,36.3,1465.3
1327,1981-2010,46,55.8,80.6,116.6,166.8,188.7,192.2,207.5,191.0,143.0,110.7,61.6,43.3,1557.9
1329,1981-2010,46,43.1,61.7,113.2,179.0,235.0,210.7,228.9,211.2,147.3,107.5,52.3,34.3,1624.0
1332,1981-2010,46,56.1,83.7,121.6,172.5,213.2,209.5,234.3,215.8,155.4,112.8,55.2,44.9,1674.7
1339,1981-2010,42,45.0,69.0,108.0,168.0,216.0,201.0,216.0,202.0,145.0,107.0,50.0,34.0,1561.0
1345,1981-2010,46,50.9,70.6,117.2,183.0,234.1,214.1,232.9,211.7,152.4,115.6,54.5,39.7,1676.7
1357,1981-2010,46,43.4,70.3,101.9,163.2,201.2,196.6,214.4,205.7,148.1,106.2,48.2,35.8,1535.0
1374,1981-2010,46,41.7,73.3,105.4,165.2,200.4,202.0,217.4,201.7,142.2,97.4,39.7,32.2,1518.5
1378,1981-2010,46,40.6,60.5,107.2,174.0,229.9,211.3,219.5,205.2,140.9,98.8,53.3,36.1,1577.3
1379,1981-2010,46,40.1,60.8,106.6,174.3,230.0,211.1,219.6,205.6,140.2,98.6,52.7,35.4,1575.1
1380,1981-2010,46,40.5,61.8,107.4,175.4,230.9,212.4,222.0,206.7,141.1,99.4,53.1,35.7,1586.5
1392,1981-2010,46,53.6,81.1,110.9,165.6,204.4,193.6,217.9,212.7,154.8,114.1,53.7,43.7,1606.2
1403,1981-2010,46,44.5,74.4,112.7,169.0,202.8,205.4,224.3,210.0,151.6,100.1,46.3,34.5,1575.6
1410,1981-2010,46,49.0,71.6,109.6,168.4,210.5,203.1,216.8,203.7,142.2,103.6,47.8,36.3,1562.6
1411,1981-2010,42,54.0,81.0,108.0,162.0,198.0,196.0,211.0,199.0,145.0,104.0,51.0,44.0,1553.0
1421,1981-2010,46,44.0,76.9,118.3,177.2,207.5,213.8,229.8,215.3,152.8,100.4,45.2,35.5,1616.8
1424,1981-2010,42,46.0,79.0,120.0,178.0,209.0,215.0,231.0,217.0,155.0,103.0,47.0,38.0,1638.0
1425,1981-2010,46,46.6,79.0,120.5,178.0,208.8,215.4,230.9,216.5,155.1,102.7,47.8,37.9,1639.2
1426,1981-2010,46,52.6,74.5,119.8,184.5,230.8,219.6,238.0,218.6,155.5,117.6,56.1,41.4,1709.0
1428,1981-2010,46,52.1,82.9,122.9,171.9,203.6,214.8,233.8,218.8,162.1,105.1,58.0,41.3,1667.2
1440,1981-2010,46,55.1,82.0,124.6,163.7,200.0,218.9,242.2,228.4,167.4,108.9,66.1,44.4,1701.9
1441,1981-2010,46,58.9,76.0,109.9,166.1,207.9,196.0,216.7,205.9,147.0,114.9,57.1,48.1,1604.4
1447,1981-2010,46,62.6,92.0,132.1,167.0,201.2,225.3,247.4,232.9,169.8,116.3,69.6,50.2,1766.5
1451,1981-2010,46,44.4,67.7,108.8,173.6,222.7,197.7,213.1,197.3,136.6,102.3,51.8,34.9,1550.9
1473,1981-2010,42,51.0,81.0,118.0,174.0,212.0,211.0,232.0,218.0,155.0,107.0,51.0,40.0,1650.0
1488,1981-2010,46,62.2,79.9,114.6,160.9,202.6,191.0,203.5,196.0,146.1,114.1,60.9,50.1,1581.9
1490,1981-2010,46,53.6,81.7,129.3,171.7,204.2,217.5,242.3,219.6,158.9,105.8,56.6,40.5,1681.8
1492,1981-2010,46,65.7,83.9,124.8,156.0,185.5,203.3,225.5,214.0,160.4,114.6,69.4,50.9,1654.1
1503,1981-2010,46,40.3,66.8,107.3,166.9,205.6,184.2,197.1,186.9,138.7,101.7,46.8,33.1,1475.4
1504,1981-2010,42,37.0,68.0,106.0,163.0,196.0,197.0,210.0,195.0,137.0,93.0,37.0,26.0,1465.0
1513,1981-2010,46,51.4,80.2,111.5,164.4,191.9,192.3,209.6,195.5,142.3,101.8,51.0,39.7,1531.7
1515,1981-2010,46,67.7,88.1,126.7,170.1,206.6,208.7,235.5,217.6,158.2,115.4,66.1,49.6,1710.3
1522,1981-2010,46,53.0,82.6,114.8,172.8,211.9,213.7,232.1,217.2,157.6,110.5,53.2,38.3,1657.8
1526,1981-2010,46,40.0,69.1,105.2,164.9,196.6,199.2,212.1,196.9,137.0,93.5,37.7,26.8,1479.1
1544,1981-2010,46,48.1,70.6,106.7,168.8,216.7,207.8,215.8,201.2,144.5,108.5,50.2,37.9,1576.9
1552,1981-2010,46,48.8,70.1,121.2,188.4,239.1,222.5,242.8,216.8,156.1,115.5,50.8,37.3,1709.6
1568,1981-2010,46,47.8,69.4,96.1,147.3,182.1,173.6,188.7,184.9,131.8,91.4,44.1,41.2,1398.3
1572,1981-2010,42,57.0,78.0,114.0,164.0,194.0,196.0,211.0,195.0,143.0,112.0,62.0,44.0,1570.0
1583,1981-2010,46,46.7,66.5,100.0,162.9,201.5,189.4,209.9,202.9,139.9,103.9,38.6,35.5,1497.6
1584,1981-2010,42,65.0,86.0,127.0,159.0,193.0,209.0,233.0,216.0,162.0,114.0,69.0,51.0,1684.0
1586,1981-2010,46,72.3,93.4,126.3,172.5,212.5,204.8,238.9,216.2,162.9,127.3,72.6,52.6,1752.2
1587,1981-2010,42,54.0,85.0,121.0,175.0,214.0,214.0,234.0,220.0,158.0,109.0,53.0,42.0,1679.0
1590,1981-2010,46,53.3,76.0,112.5,168.4,204.4,198.1,211.3,192.3,138.7,110.4,57.2,41.6,1564.2
1593,1981-2010,46,39.8,73.4,114.9,173.8,205.1,207.9,225.7,209.4,149.4,98.1,42.4,29.3,1569.1
1602,1981-2010,46,51.5,78.2,119.9,166.5,197.7,218.7,239.6,223.3,160.8,103.8,56.3,36.6,1653.0
1605,1981-2010,42,50.0,73.0,112.0,175.0,220.0,213.0,226.0,209.0,150.0,112.0,53.0,39.0,1632.0
1617,1981-2010,46,57.1,75.5,113.8,162.6,204.5,193.1,206.8,197.5,145.4,111.4,57.3,45.5,1570.6
1619,1981-2010,46,42.9,76.0,118.7,176.7,207.9,212.3,231.9,218.5,155.5,99.6,47.2,33.8,1621.0
1621,1981-2010,46,46.1,75.3,109.9,163.5,199.1,199.5,216.5,202.0,146.5,99.1,46.0,36.2,1539.9
1638,1981-2010,46,44.3,75.9,116.3,175.5,201.6,211.3,225.3,210.9,146.0,95.7,43.4,33.7,1579.8
1645,1981-2010,46,41.5,71.4,107.9,164.6,194.7,194.7,208.8,196.1,138.9,96.6,41.5,30.5,1487.3
1666,1981-2010,42,41.0,62.0,108.0,176.0,232.0,213.0,223.0,207.0,142.0,99.0,53.0,36.0,1592.0
1667,1981-2010,46,46.5,68.7,108.7,174.4,224.4,199.2,216.1,202.1,140.6,105.1,52.8,35.9,1574.5
1689,1981-2010,46,47.6,75.7,109.7,166.4,203.8,203.3,222.9,210.2,153.8,107.4,49.9,37.1,1587.8
1694,1981-2010,42,48.0,69.0,113.0,181.0,237.0,213.0,229.0,208.0,150.0,111.0,54.0,37.0,1650.0
1709,1981-2010,46,54.9,71.7,106.1,165.2,207.8,196.6,215.7,206.0,144.5,110.9,51.9,43.9,1575.1
1721,1981-2010,42,52.0,79.0,112.0,167.0,205.0,203.0,223.0,210.0,155.0,111.0,54.0,40.0,1611.0
1735,1981-2010,46,64.0,87.3,118.4,168.0,202.7,196.4,218.4,207.1,154.3,123.5,62.4,52.8,1655.3
1736,1981-2010,46,40.4,64.5,108.5,174.0,227.6,205.3,222.6,205.9,144.9,107.1,50.0,30.7,1581.4
1748,1981-2010,46,39.2,66.4,105.4,166.4,196.4,195.4,209.8,197.4,137.6,88.1,36.4,29.8,1468.3
1762,1981-2010,46,52.7,73.6,106.1,164.2,201.1,192.5,214.8,204.6,144.7,110.1,51.2,41.5,1557.3
1766,1981-2010,42,52.0,76.0,113.0,169.0,207.0,194.0,208.0,192.0,140.0,109.0,56.0,42.0,1558.0
1792,1981-2010,46,44.8,70.8,105.5,164.0,204.6,188.2,201.5,186.5,134.3,103.3,51.6,36.4,1491.6
1803,1981-2010,46,47.2,68.0,117.2,185.1,245.6,217.6,235.4,211.1,151.8,110.0,52.7,38.3,1680.0
1833,1981-2010,46,78.2,93.8,115.5,159.2,190.3,179.5,202.6,196.8,155.0,132.7,76.2,66.8,1646.4
1834,1981-2010,46,60.7,81.7,110.2,156.9,192.9,184.9,200.4,193.4,145.5,108.9,60.1,49.7,1545.2
1844,1981-2010,46,66.3,87.1,122.8,163.6,198.6,197.1,226.4,208.1,150.9,118.2,66.4,48.5,1654.2
1849,1981-2010,46,51.7,84.1,123.5,178.1,219.2,219.6,239.6,223.6,160.4,106.9,50.2,40.5,1697.4
1863,1981-2010,42,42.0,75.0,116.0,172.0,203.0,204.0,221.0,207.0,148.0,99.0,44.0,32.0,1563.0
1869,1981-2010,42,52.0,70.0,123.0,189.0,241.0,220.0,240.0,213.0,155.0,117.0,54.0,40.0,1714.0
1875,1981-2010,46,58.0,83.6,119.3,167.6,199.9,211.1,231.9,216.6,161.2,110.6,59.4,42.3,1661.7
1886,1981-2010,46,52.4,78.0,118.2,166.6,200.6,211.1,234.5,214.8,150.9,97.9,51.2,37.5,1613.8
1890,1981-2010,46,46.5,66.7,114.3,181.6,238.5,215.7,231.8,208.8,150.8,110.4,52.1,36.4,1653.5
1891,1981-2010,46,46.1,71.7,107.0,162.2,200.4,193.8,206.0,190.4,136.1,101.7,48.3,35.9,1499.5
1892,1981-2010,42,46.0,72.0,107.0,162.0,201.0,194.0,206.0,190.0,136.0,102.0,48.0,36.0,1500.0
1920,1981-2010,46,47.3,72.6,106.2,161.0,192.8,188.2,203.1,187.3,133.3,102.2,49.6,37.0,1480.8
1957,1981-2010,42,56.0,75.0,114.0,174.0,222.0,212.0,224.0,207.0,149.0,114.0,56.0,44.0,1647.0
1960,1981-2010,46,55.6,75.5,114.2,174.0,221.6,211.9,224.4,208.2,148.7,114.6,56.4,44.1,1649.4
1964,1981-2010,46,42.6,73.6,113.0,165.9,191.2,199.4,217.1,200.3,144.9,97.5,47.6,33.0,1526.2
1972,1981-2010,46,42.2,66.3,107.4,171.5,222.6,200.8,218.5,202.9,143.8,106.1,49.4,32.4,1563.9
1973,1981-2010,46,44.1,67.7,106.4,168.9,223.3,198.1,217.0,202.3,144.1,105.7,50.6,33.6,1561.8
1979,1981-2010,46,41.7,65.9,107.0,171.3,221.9,200.9,218.4,202.6,143.5,105.6,48.9,32.0,1559.8
1981,1981-2010,46,42.5,66.5,106.4,170.2,222.0,199.5,217.4,202.2,143.1,105.2,49.3,32.6,1556.8
1986,1981-2010,46,42.1,66.2,107.1,171.1,222.3,200.3,218.1,202.6,143.7,105.7,49.2,32.3,1560.6
1990,1981-2010,46,43.4,66.3,106.6,170.0,221.2,197.0,215.8,201.3,143.1,105.4,50.5,33.6,1554.2
1993,1981-2010,46,40.0,65.8,103.0,160.3,200.6,189.5,203.1,190.6,133.9,95.4,42.5,30.5,1455.1
2000,1981-2010,46,43.5,77.1,118.5,176.8,208.3,213.4,230.3,215.0,153.8,101.7,45.6,33.7,1617.7
2005,1981-2010,46,47.6,70.7,108.8,169.7,217.4,204.7,216.6,203.2,145.9,109.1,51.6,36.4,1581.8
2023,1981-2010,42,52.0,80.0,119.0,169.0,203.0,208.0,229.0,211.0,153.0,101.0,52.0,39.0,1616.0
2039,1981-2010,46,42.3,60.8,100.3,157.5,198.6,191.8,200.8,189.7,131.0,91.4,37.3,31.3,1432.8
2044,1981-2010,42,62.0,80.0,117.0,164.0,205.0,197.0,207.0,199.0,148.0,115.0,59.0,48.0,1601.0
2048,1981-2010,46,42.7,66.3,106.0,170.5,221.4,198.2,215.9,201.0,141.4,104.8,49.9,33.1,1551.3
2053,1981-2010,46,54.4,74.9,107.1,158.2,199.0,187.8,202.3,191.6,138.5,104.3,52.1,44.0,1514.3
2069,1981-2010,46,64.6,88.9,119.8,167.0,206.8,198.8,219.8,209.2,157.2,121.1,63.3,55.3,1671.9
2074,1981-2010,46,64.9,84.3,121.3,161.1,193.1,204.4,228.7,217.0,158.9,108.7,64.6,47.9,1655.0
2078,1981-2010,46,45.0,68.2,114.0,180.9,232.8,210.2,224.7,210.0,144.8,103.6,53.7,36.5,1624.2
2080,1981-2010,46,46.0,78.2,118.0,173.3,206.0,214.6,233.1,218.5,157.6,101.4,50.8,35.5,1633.0
2081,1981-2010,46,57.5,86.2,121.2,168.6,201.5,205.8,224.2,214.2,160.9,109.9,62.6,46.7,1659.4
2083,1981-2010,46,47.8,79.6,119.5,174.9,207.6,215.7,233.6,219.2,159.1,103.0,52.5,37.2,1649.5
2088,1981-2010,46,40.8,64.1,99.4,149.3,186.8,197.2,220.7,196.9,133.8,80.2,38.9,28.9,1436.9
2092,1981-2010,46,50.2,78.1,114.3,164.3,193.2,197.5,213.3,200.0,143.9,97.8,52.0,39.1,1543.7
2095,1981-2010,46,50.2,78.2,119.2,172.0,206.8,217.8,238.4,221.3,159.4,103.7,53.9,37.3,1658.0
2110,1981-2010,46,55.5,77.3,114.1,164.2,193.8,195.8,210.7,194.1,142.2,110.5,60.4,43.5,1562.1
2120,1981-2010,46,49.4,72.6,109.0,168.1,214.6,205.2,215.8,203.3,143.2,109.4,50.4,38.8,1579.8
2122,1981-2010,46,47.6,70.5,115.2,181.4,231.6,205.1,222.1,208.5,146.5,106.2,54.8,38.3,1627.8
2151,1981-2010,46,41.9,68.8,103.6,162.5,197.9,196.7,210.4,196.2,136.4,95.6,41.2,30.0,1481.2
2159,1981-2010,46,61.1,82.6,120.1,163.8,195.0,209.1,230.6,217.7,158.7,110.3,64.2,45.3,1658.5
2160,1981-2010,46,46.6,70.9,105.4,161.9,199.2,195.9,212.7,200.6,141.9,100.2,46.3,35.4,1516.9
2166,1981-2010,46,59.7,77.6,117.3,176.8,219.7,204.7,225.2,216.8,152.4,120.7,60.1,48.6,1679.6
2167,1981-2010,46,44.9,76.7,115.6,169.2,197.5,206.4,224.9,207.9,149.7,99.8,50.1,35.4,1578.1
2173,1981-2010,46,49.6,72.4,107.3,160.2,192.8,185.5,201.4,184.1,133.9,104.8,52.8,39.9,1484.7
2174,1981-2010,42,43.0,69.0,101.0,158.0,196.0,190.0,202.0,191.0,133.0,96.0,42.0,32.0,1453.0
2201,1981-2010,42,43.0,64.0,122.0,197.0,259.0,238.0,261.0,226.0,162.0,113.0,51.0,35.0,1771.0
2206,1981-2010,46,43.0,67.9,104.3,162.0,204.1,194.6,206.6,193.7,136.5,99.2,44.3,32.7,1489.0
2211,1981-2010,46,46.6,75.5,108.5,162.0,189.0,191.9,207.1,191.9,138.0,99.5,48.0,36.0,1494.1
2223,1981-2010,46,40.7,70.9,106.1,165.1,200.7,199.7,217.4,203.5,143.7,97.7,40.8,31.2,1517.6
2225,1981-2010,46,55.5,74.5,110.9,170.6,212.5,198.2,218.1,209.7,148.9,112.5,53.7,45.7,1610.9
2226,1981-2010,46,48.8,73.8,104.6,159.7,196.2,188.0,206.0,197.7,143.2,101.5,48.5,40.1,1508.2
2250,1981-2010,46,54.8,80.6,113.7,168.1,204.4,200.2,221.9,207.4,151.0,114.6,53.7,44.9,1615.3
2252,1981-2010,42,58.0,77.0,116.0,176.0,218.0,203.0,224.0,216.0,151.0,119.0,58.0,47.0,1663.0
2260,1981-2010,46,47.5,75.7,110.4,168.9,203.0,198.1,214.7,210.4,153.5,111.4,48.9,36.5,1579.0
2264,1981-2010,46,33.3,59.6,97.6,158.3,192.8,188.5,199.8,185.0,125.9,78.8,34.4,24.7,1378.6
2268,1981-2010,46,41.7,72.1,108.3,166.9,202.2,203.3,221.8,206.2,147.3,98.8,42.4,31.3,1542.4
2289,1981-2010,46,49.5,71.4,113.1,180.0,227.6,215.2,230.3,211.5,151.1,113.5,52.7,39.0,1654.8
2302,1981-2010,46,56.7,73.6,110.7,165.9,203.2,194.2,214.1,206.5,146.8,113.8,57.1,43.1,1585.7
2306,1981-2010,46,42.1,62.9,113.0,180.8,238.0,214.7,232.9,213.0,147.5,106.7,51.8,33.5,1636.8
2315,1981-2010,42,54.0,76.0,116.0,179.0,224.0,212.0,231.0,216.0,154.0,118.0,58.0,44.0,1682.0
2318,1981-2010,46,48.2,76.7,114.4,165.9,193.9,199.1,214.3,200.7,144.3,97.5,50.1,37.5,1542.6
2319,1981-2010,46,69.8,88.5,123.8,160.3,195.3,194.9,223.8,206.1,154.3,121.8,69.7,50.8,1658.9
2323,1981-2010,42,37.0,63.0,100.0,157.0,196.0,186.0,201.0,190.0,129.0,90.0,37.0,26.0,1412.0
2327,1981-2010,46,39.5,69.6,108.9,167.3,194.3,196.9,212.0,198.4,139.5,92.2,38.7,29.5,1487.0
2331,1981-2010,46,46.2,78.4,118.9,172.4,201.8,213.8,233.0,215.7,155.3,101.1,50.8,36.1,1623.5
2338,1981-2010,46,47.9,73.1,107.2,164.7,203.5,189.9,204.2,187.5,135.5,105.9,52.5,38.8,1510.8
2344,1981-2010,46,45.7,72.0,105.0,165.9,203.4,198.4,216.8,208.2,149.2,107.3,47.9,36.2,1556.1
2349,1981-2010,46,66.7,82.6,113.1,159.1,191.1,201.3,223.0,214.9,158.0,113.9,72.9,50.8,1647.4
2354,1981-2010,46,55.4,74.0,115.6,178.6,223.8,211.3,231.4,218.4,153.2,118.8,57.5,45.5,1683.5
2360,1981-2010,46,56.8,85.1,125.2,174.3,215.7,213.3,237.2,220.1,160.4,111.8,57.7,43.4,1701.1
2362,1981-2010,42,46.0,74.0,106.0,154.0,179.0,182.0,197.0,183.0,134.0,96.0,48.0,36.0,1435.0
2374,1981-2010,46,44.0,67.2,111.8,179.2,230.0,207.7,221.0,207.3,142.2,101.0,53.1,36.2,1600.7
2385,1981-2010,42,44.0,79.0,118.0,169.0,198.0,208.0,227.0,209.0,151.0,99.0,49.0,35.0,1586.0
2388,1981-2010,46,57.8,84.8,132.6,172.9,202.5,228.8,247.3,230.0,169.0,109.4,63.0,47.4,1745.3
2396,1981-2010,46,46.1,67.3,99.3,157.5,198.5,191.0,201.2,189.3,126.6,94.1,38.8,36.8,1446.5
2406,1981-2010,46,53.9,82.7,120.8,173.2,209.8,216.0,236.2,219.8,161.9,109.2,56.2,40.5,1680.2
2410,1981-2010,42,52.0,82.0,123.0,175.0,215.0,218.0,239.0,221.0,159.0,106.0,51.0,39.0,1680.0
2417,1981-2010,46,70.4,92.4,126.6,167.2,197.0,192.2,214.3,204.5,159.7,121.0,69.7,51.5,1666.5
2422,1981-2010,46,49.7,74.9,107.0,158.8,190.9,187.0,201.2,186.6,134.8,102.9,51.3,39.1,1484.0
2429,1981-2010,42,43.0,66.0,108.0,174.0,226.0,202.0,218.0,203.0,141.0,104.0,52.0,34.0,1571.0
2437,1981-2010,42,42.0,64.0,110.0,177.0,232.0,213.0,228.0,212.0,144.0,100.0,55.0,37.0,1614.0
2444,1981-2010,42,56.0,74.0,109.0,166.0,200.0,190.0,213.0,205.0,144.0,111.0,55.0,42.0,1565.0
2451,1981-2010,46,54.5,76.0,115.7,178.8,223.7,213.5,231.6,215.4,153.7,117.4,57.6,43.5,1681.6
2456,1981-2010,46,45.2,71.7,114.3,179.4,224.6,201.6,215.5,201.0,145.5,108.1,54.2,37.9,1598.8
2464,1981-2010,46,43.1,67.6,106.8,170.6,221.7,199.6,216.6,202.4,143.1,105.9,50.1,32.6,1560.1
2474,1981-2010,42,64.0,82.0,116.0,163.0,191.0,193.0,208.0,195.0,143.0,115.0,68.0,51.0,1589.0
2475,1981-2010,46,53.5,75.7,116.9,180.4,227.2,215.9,234.5,218.0,155.5,118.6,57.7,42.9,1696.8
2477,1981-2010,42,67.0,89.0,129.0,161.0,194.0,213.0,234.0,220.0,165.0,117.0,72.0,55.0,1716.0
2480,1981-2010,46,43.5,76.7,118.0,176.7,208.5,213.3,231.6,216.5,154.6,101.7,45.9,33.0,1620.0
2485,1981-2010,42,59.0,84.0,120.0,168.0,200.0,211.0,233.0,217.0,161.0,111.0,60.0,42.0,1666.0
2486,1981-2010,42,48.0,77.0,118.0,169.0,194.0,207.0,224.0,211.0,154.0,102.0,54.0,38.0,1596.0
2488,1981-2010,46,55.7,81.7,120.4,170.0,205.0,208.9,230.4,213.4,154.7,103.8,55.6,41.9,1641.4
2494,1981-2010,42,51.0,74.0,110.0,168.0,208.0,202.0,214.0,194.0,137.0,109.0,56.0,39.0,1562.0
2502,1981-2010,46,50.8,74.1,107.7,160.4,198.0,192.3,203.9,193.6,139.2,102.6,49.9,38.4,1510.9
2503,1981-2010,46,48.5,77.4,109.7,166.0,198.2,198.1,213.8,201.2,145.2,100.1,44.6,37.0,1539.8
2506,1981-2010,46,56.8,75.3,113.2,174.0,218.3,203.9,225.1,213.0,150.7,117.7,57.5,47.4,1652.9
2521,1981-2010,46,48.6,78.8,120.9,172.6,212.0,217.2,240.8,219.1,153.8,99.2,46.4,37.1,1646.4
2533,1981-2010,46,40.7,69.0,108.5,161.0,197.7,195.4,206.1,192.2,136.6,92.0,39.6,30.0,1468.6
2542,1981-2010,46,75.4,92.8,128.6,162.8,193.0,196.8,225.6,207.8,154.2,120.2,74.5,58.2,1689.9
2543,1981-2010,46,66.5,87.5,127.7,167.5,202.4,205.7,232.5,214.6,155.8,114.4,66.1,48.7,1689.4
2546,1981-2010,46,49.2,76.0,118.5,169.6,199.0,217.6,237.7,222.5,159.0,100.7,53.9,35.0,1638.7
2564,1981-2010,42,40.0,63.0,110.0,180.0,238.0,214.0,234.0,216.0,144.0,106.0,53.0,34.0,1632.0
2565,1981-2010,46,41.0,64.6,111.5,181.3,235.0,212.4,231.8,215.3,145.7,106.6,52.5,34.5,1632.1
2575,1981-2010,42,54.0,82.0,120.0,172.0,206.0,212.0,233.0,219.0,162.0,109.0,56.0,41.0,1666.0
2578,1981-2010,42,46.0,67.0,118.0,186.0,246.0,221.0,238.0,214.0,152.0,112.0,54.0,36.0,1690.0
2600,1981-2010,46,46.1,77.3,114.7,171.9,206.9,209.3,229.6,214.5,154.6,102.0,46.0,34.0,1606.9
2601,1981-2010,42,50.0,74.0,103.0,165.0,187.0,184.0,207.0,196.0,134.0,92.0,43.0,37.0,1471.0
2609,1981-2010,46,42.1,64.5,109.1,175.3,228.9,204.8,222.4,206.6,144.0,106.3,51.0,33.6,1588.7
2618,1981-2010,42,57.0,79.0,109.0,158.0,194.0,188.0,203.0,195.0,145.0,106.0,56.0,46.0,1536.0
2621,1981-2010,46,53.6,75.3,118.4,185.1,231.0,219.9,239.8,221.3,157.9,119.5,57.4,42.6,1721.8
2627,1981-2010,42,55.0,74.0,117.0,181.0,227.0,213.0,233.0,222.0,155.0,123.0,59.0,46.0,1705.0
2629,1981-2010,46,50.3,72.4,109.0,166.7,209.1,205.0,216.1,194.2,137.2,109.5,55.9,38.5,1563.7
2638,1981-2010,42,90.0,101.0,131.0,161.0,194.0,213.0,234.0,219.0,169.0,130.0,87.0,69.0,1798.0
2641,1981-2010,42,57.0,76.0,115.0,177.0,221.0,211.0,229.0,213.0,152.0,117.0,59.0,45.0,1672.0
2654,1981-2010,46,55.7,80.9,122.5,174.4,206.6,219.9,242.5,227.2,165.2,109.9,60.4,41.5,1706.7
2657,1981-2010,46,43.2,71.2,109.6,163.6,191.3,197.9,211.0,194.6,138.5,93.3,43.7,31.8,1489.7
2665,1981-2010,46,50.3,75.9,108.7,163.5,192.0,193.5,205.6,192.2,135.5,102.0,53.9,40.0,1513.1
2680,1981-2010,46,41.2,71.5,106.9,165.4,201.0,201.0,218.8,203.8,144.6,97.7,41.4,31.4,1524.8
2689,1981-2010,46,39.0,64.1,102.2,165.0,212.9,195.3,212.7,195.7,140.3,104.1,44.9,30.9,1507.2
2691,1981-2010,46,47.6,78.5,120.7,172.8,213.6,218.6,242.9,220.8,153.2,97.4,46.3,35.8,1648.3
2701,1981-2010,46,53.5,77.3,115.9,176.8,219.3,207.9,226.7,216.6,150.9,113.5,58.5,42.1,1658.9
2703,1981-2010,46,45.8,69.5,103.4,155.2,192.5,181.3,194.6,186.5,134.7,96.4,46.8,35.3,1442.1
2704,1981-2010,42,54.0,75.0,114.0,175.0,220.0,211.0,224.0,210.0,150.0,114.0,56.0,43.0,1646.0
2708,1981-2010,42,70.0,92.0,126.0,155.0,183.0,189.0,219.0,197.0,147.0,120.0,71.0,49.0,1618.0
2717,1981-2010,46,41.1,70.0,105.9,158.8,189.2,186.5,201.1,189.6,133.2,94.4,40.7,30.2,1440.8
2750,1981-2010,46,43.1,71.2,104.2,164.5,200.3,194.8,213.1,203.7,145.1,101.3,43.6,33.8,1518.8
2761,1981-2010,46,54.9,77.2,118.9,164.0,199.5,210.1,234.2,215.5,152.8,99.9,54.8,41.0,1622.7
2770,1981-2010,46,42.3,65.2,107.9,173.6,226.3,202.0,219.7,204.4,143.0,105.9,50.7,33.5,1574.4
2773,1981-2010,42,44.0,77.0,113.0,170.0,206.0,203.0,226.0,212.0,152.0,107.0,45.0,34.0,1589.0
2775,1981-2010,46,52.3,81.1,119.5,173.9,210.2,216.9,237.3,220.8,160.4,107.4,54.5,38.9,1673.0
2780,1981-2010,46,42.2,70.6,105.3,168.0,205.5,202.2,221.0,210.0,149.5,104.8,43.7,32.7,1555.6
2783,1981-2010,46,57.8,86.1,125.3,175.9,219.8,218.0,242.0,222.3,162.0,116.3,58.3,44.1,1728.0
2790,1981-2010,46,48.7,78.8,119.3,170.4,199.1,208.4,226.8,211.6,154.4,101.6,53.4,39.2,1611.7
2794,1981-2010,42,49.0,69.0,114.0,182.0,232.0,215.0,229.0,209.0,149.0,112.0,51.0,39.0,1650.0
2796,1981-2010,42,47.0,67.0,116.0,184.0,242.0,217.0,234.0,210.0,152.0,111.0,53.0,38.0,1671.0
2814,1981-2010,46,68.6,91.4,123.5,166.2,196.4,204.9,230.9,212.5,157.6,112.8,66.0,47.1,1677.8
2821,1981-2010,46,43.9,68.2,103.3,158.8,198.2,190.0,202.1,191.1,134.2,97.3,44.4,33.3,1464.8
2829,1981-2010,42,68.0,87.0,128.0,168.0,202.0,206.0,233.0,214.0,156.0,115.0,68.0,50.0,1695.0
2830,1981-2010,46,68.3,87.8,128.2,167.1,201.9,204.7,232.3,214.0,155.2,115.4,68.1,50.3,1693.4
2831,1981-2010,42,56.0,85.0,124.0,176.0,220.0,218.0,242.0,223.0,161.0,115.0,56.0,42.0,1718.0
2843,1981-2010,42,49.0,80.0,120.0,176.0,207.0,214.0,231.0,217.0,156.0,104.0,50.0,40.0,1644.0
2856,1981-2010,42,55.0,76.0,117.0,180.0,226.0,214.0,233.0,217.0,155.0,118.0,59.0,44.0,1694.0
2857,1981-2010,46,45.0,70.3,106.7,165.1,203.1,200.2,214.9,200.9,140.6,101.1,44.6,32.7,1525.3
2861,1981-2010,46,47.0,73.0,119.4,184.4,228.1,205.7,218.3,202.4,144.6,106.2,54.1,39.2,1622.5
2872,1981-2010,46,44.4,70.5,107.6,167.5,208.2,190.2,203.6,188.9,136.6,103.1,50.9,36.3,1507.9
2879,1981-2010,46,46.1,76.2,116.4,171.7,205.3,210.0,230.6,215.3,156.0,102.1,47.8,34.2,1611.7
2886,1981-2010,42,60.0,85.0,124.0,168.0,200.0,211.0,235.0,216.0,156.0,106.0,60.0,45.0,1666.0
2905,1981-2010,42,66.0,87.0,126.0,168.0,203.0,207.0,233.0,215.0,156.0,112.0,65.0,49.0,1687.0
2906,1981-2010,46,43.9,65.8,111.3,175.7,230.4,209.9,221.0,203.2,141.9,98.8,53.1,36.8,1591.8
2907,1981-2010,42,44.0,66.0,111.0,175.0,230.0,210.0,221.0,203.0,142.0,99.0,53.0,37.0,1591.0
2912,1981-2010,46,41.3,62.7,110.3,179.6,235.2,215.8,229.4,210.5,144.7,101.5,53.9,35.8,1620.8
2915,1981-2010,46,53.2,76.3,107.6,160.2,196.1,188.0,208.0,198.8,147.0,107.5,53.1,42.9,1538.6
2920,1981-2010,46,45.9,79.4,124.2,181.7,226.9,226.6,245.3,224.8,165.0,107.6,46.3,37.0,1710.7
2923,1981-2010,46,72.6,91.3,128.5,163.2,194.1,199.1,227.5,208.8,154.7,118.2,71.8,55.4,1685.1
2928,1981-2010,46,58.0,74.6,112.5,174.0,217.8,205.0,222.2,208.5,149.8,115.9,57.8,46.8,1643.0
2931,1981-2010,46,58.1,75.7,113.6,176.0,220.8,208.8,225.7,210.5,150.8,117.1,58.5,46.7,1662.2
2947,1981-2010,46,44.6,72.7,104.9,160.2,188.5,188.7,202.7,188.2,132.5,95.8,44.4,33.6,1456.7
2949,1981-2010,46,68.6,91.6,124.1,161.7,191.5,202.0,225.1,212.9,161.8,117.5,71.1,50.6,1678.3
2950,1981-2010,46,43.1,64.2,115.4,183.0,240.8,217.6,235.8,214.1,150.4,109.3,52.3,33.9,1659.8
2951,1981-2010,42,44.0,68.0,111.0,178.0,224.0,206.0,220.0,207.0,148.0,110.0,50.0,34.0,1600.0
2963,1981-2010,46,55.2,75.1,113.5,174.7,219.5,209.7,225.7,210.8,148.9,114.7,56.6,43.9,1648.3
2968,1981-2010,46,50.9,75.5,108.2,161.8,190.6,192.6,203.7,190.5,133.4,100.7,54.4,41.0,1503.2
2985,1981-2010,42,51.0,71.0,108.0,171.0,212.0,199.0,218.0,210.0,147.0,107.0,48.0,51.0,1593.0
2996,1981-2010,46,60.6,82.2,120.0,162.1,193.3,209.0,229.6,214.4,157.6,109.1,65.9,46.3,1650.1
3001,1981-2010,46,54.9,79.9,125.9,164.1,192.8,218.5,234.3,217.4,159.3,102.9,59.3,44.7,1653.9
3004,1981-2010,46,44.0,71.8,114.4,170.8,197.9,205.2,219.2,202.8,143.5,92.5,44.3,33.6,1539.9
3007,1981-2010,46,48.7,80.5,121.5,176.5,208.0,217.2,235.7,220.5,160.6,103.9,53.4,38.3,1664.7
3016,1981-2010,46,75.0,93.7,129.6,162.8,192.5,201.9,226.9,207.3,159.7,123.6,78.2,60.5,1711.6
3017,1981-2010,42,34.0,75.0,122.0,180.0,215.0,216.0,238.0,226.0,164.0,104.0,42.0,29.0,1645.0
3018,1981-2010,46,40.1,78.1,122.7,177.8,212.1,212.4,234.4,223.7,164.3,106.5,47.4,33.6,1653.2
3034,1981-2010,42,52.0,76.0,107.0,163.0,200.0,191.0,211.0,203.0,147.0,109.0,51.0,40.0,1550.0
3042,1981-2010,42,43.0,73.0,111.0,168.0,196.0,200.0,215.0,201.0,141.0,95.0,43.0,32.0,1518.0
3044,1981-2010,42,43.0,68.0,105.0,162.0,203.0,187.0,199.0,186.0,133.0,101.0,50.0,34.0,1471.0
3045,1981-2010,46,42.6,69.5,105.2,163.0,204.7,187.3,199.7,187.2,133.8,102.3,49.7,33.9,1478.8
3056,1981-2010,46,40.9,71.7,111.1,170.2,204.8,207.4,227.2,212.3,150.8,98.0,43.2,30.9,1568.5
3062,1981-2010,46,41.5,74.1,117.6,171.9,201.0,210.5,226.0,209.7,147.0,94.2,44.1,31.1,1568.5
3076,1981-2010,46,49.9,81.7,122.0,177.3,209.2,217.2,235.2,220.5,161.3,104.9,54.6,39.8,1673.4
3082,1981-2010,46,48.8,73.4,117.0,183.7,228.3,214.1,235.4,221.4,154.6,118.9,56.2,39.7,1691.6
3083,1981-2010,42,49.0,74.0,117.0,184.0,228.0,214.0,235.0,221.0,155.0,119.0,56.0,40.0,1692.0
3085,1981-2010,46,42.3,63.9,111.5,177.1,233.5,208.9,226.8,208.2,146.2,106.5,50.9,32.4,1608.2
3086,1981-2010,42,42.0,64.0,110.0,175.0,231.0,206.0,224.0,206.0,145.0,105.0,50.0,32.0,1590.0
3088,1981-2010,46,42.2,64.0,112.8,178.3,235.2,210.9,229.0,209.9,147.4,107.2,50.9,32.5,1620.4
3096,1981-2010,46,51.5,78.1,106.5,158.1,189.7,184.8,199.5,186.9,134.8,105.3,52.8,41.5,1489.5
3098,1981-2010,42,51.0,78.0,106.0,157.0,187.0,183.0,197.0,185.0,134.0,105.0,53.0,41.0,1477.0
3101,1981-2010,46,46.8,70.0,109.1,164.1,198.0,190.6,202.4,187.9,135.2,104.4,50.0,36.8,1495.3
3103,1981-2010,46,46.0,69.3,108.4,171.9,221.3,203.8,222.1,204.4,146.3,109.6,51.7,35.4,1590.2
3113,1981-2010,46,43.8,70.1,101.1,157.9,195.4,190.3,207.5,198.6,138.8,96.9,43.6,34.4,1478.6
3135,1981-2010,46,59.0,84.2,120.9,168.8,203.1,211.8,232.6,216.8,162.3,111.0,60.7,44.2,1675.3
3137,1981-2010,46,45.3,76.3,118.8,173.7,203.5,208.8,226.4,213.1,151.7,98.0,48.2,35.8,1599.5
3139,1981-2010,46,66.7,88.3,126.8,170.1,206.9,208.9,235.6,217.8,158.5,115.6,65.1,48.6,1709.0
3147,1981-2010,46,52.5,83.3,121.9,176.6,217.0,215.0,236.8,219.8,159.2,110.9,52.4,41.5,1686.9
3158,1981-2010,42,52.0,73.0,119.0,187.0,233.0,220.0,236.0,218.0,153.0,113.0,55.0,40.0,1699.0
3160,1981-2010,46,55.8,75.5,112.8,167.2,210.1,200.1,212.9,202.4,146.0,110.1,55.9,44.2,1593.1
3164,1981-2010,42,39.0,71.0,111.0,168.0,192.0,194.0,210.0,197.0,138.0,93.0,39.0,30.0,1482.0
3166,1981-2010,42,60.0,76.0,106.0,160.0,195.0,183.0,207.0,199.0,141.0,120.0,59.0,52.0,1558.0
3196,1981-2010,46,48.5,68.2,113.2,178.6,232.2,211.9,226.7,207.0,150.3,110.5,54.0,38.4,1639.6
3204,1981-2010,42,53.0,75.0,104.0,160.0,198.0,194.0,215.0,204.0,144.0,104.0,54.0,41.0,1546.0
3211,1981-2010,46,65.6,87.5,119.5,168.3,199.9,196.0,216.8,206.6,157.4,126.6,64.8,53.3,1662.3
3212,1981-2010,46,43.7,72.7,110.5,163.6,189.2,196.9,213.0,196.7,141.0,97.2,47.6,32.8,1505.1
3222,1981-2010,46,46.2,70.8,105.6,161.9,204.9,192.1,206.1,192.7,138.4,104.4,50.5,36.2,1509.7
3223,1981-2010,46,51.0,81.3,131.7,174.5,207.3,223.2,247.3,224.4,158.1,100.6,54.4,39.8,1693.5
3226,1981-2010,42,53.0,74.0,112.0,170.0,214.0,205.0,218.0,205.0,145.0,109.0,54.0,41.0,1600.0
3228,1981-2010,46,51.5,77.9,105.2,157.1,181.9,178.9,194.0,183.9,133.5,101.6,53.3,41.8,1460.7
3234,1981-2010,42,58.0,74.0,111.0,172.0,215.0,204.0,223.0,210.0,149.0,117.0,58.0,48.0,1639.0
3236,1981-2010,46,46.4,73.5,107.8,163.4,203.7,191.9,205.3,190.4,137.6,104.6,50.8,37.3,1512.7
3244,1981-2010,46,66.3,88.5,127.2,165.5,196.6,205.3,232.5,213.4,156.3,113.3,67.7,51.2,1683.9
3245,1981-2010,46,67.9,89.7,126.9,165.0,196.4,203.4,230.5,212.6,155.7,114.7,68.7,52.7,1684.2
3246,1981-2010,46,42.6,71.7,108.7,160.1,185.9,192.7,208.3,191.6,138.0,95.1,45.4,31.9,1472.0
3253,1981-2010,46,68.8,85.5,118.4,152.4,179.2,198.3,225.9,208.5,157.1,119.2,70.5,50.2,1634.1
3254,1981-2010,42,46.0,72.0,106.0,165.0,205.0,189.0,203.0,186.0,135.0,104.0,52.0,38.0,1501.0
3257,1981-2010,46,49.7,78.8,118.3,172.7,208.6,212.9,233.7,218.8,158.4,104.2,51.0,37.3,1644.4
3265,1981-2010,46,47.3,77.2,115.0,170.3,204.0,206.3,226.4,213.2,155.1,103.6,50.3,37.1,1605.9
3268,1981-2010,42,74.0,91.0,125.0,157.0,188.0,197.0,222.0,211.0,162.0,115.0,75.0,57.0,1674.0
3278,1981-2010,42,60.0,87.0,122.0,164.0,193.0,208.0,230.0,217.0,161.0,110.0,63.0,43.0,1658.0
3284,1981-2010,42,43.0,78.0,116.0,173.0,206.0,211.0,232.0,218.0,156.0,104.0,47.0,32.0,1616.0
3287,1981-2010,42,53.0,82.0,118.0,169.0,205.0,207.0,229.0,216.0,158.0,108.0,55.0,40.0,1640.0
3289,1981-2010,42,54.0,76.0,109.0,164.0,202.0,192.0,213.0,204.0,146.0,111.0,53.0,42.0,1566.0
3291,1981-2010,46,42.8,74.7,115.6,171.8,205.4,211.4,232.5,216.8,155.7,100.9,45.7,31.7,1605.2
3300,1981-2010,46,40.2,75.6,116.4,174.9,205.8,207.6,225.5,208.7,149.9,100.6,43.7,29.5,1578.4
3307,1981-2010,46,78.8,100.5,131.6,159.1,184.2,181.8,211.1,196.1,154.8,132.1,79.7,58.9,1668.9
3313,1981-2010,46,43.6,79.2,121.7,177.2,211.1,212.1,233.2,222.4,162.4,106.1,49.6,36.0,1654.6
3317,1981-2010,46,40.3,64.4,108.3,173.4,227.5,204.4,221.3,205.7,144.2,107.9,50.6,31.0,1578.9
3319,1981-2010,42,43.0,75.0,115.0,172.0,206.0,210.0,231.0,216.0,155.0,101.0,46.0,32.0,1602.0
3320,1981-2010,46,53.6,76.2,112.2,164.3,195.5,194.2,208.7,191.6,138.7,108.1,57.3,42.2,1542.7
3340,1981-2010,42,45.0,74.0,111.0,164.0,191.0,196.0,210.0,195.0,140.0,96.0,46.0,35.0,1503.0
3348,1981-2010,42,46.0,69.0,105.0,159.0,196.0,188.0,200.0,191.0,135.0,97.0,46.0,35.0,1467.0
3362,1981-2010,42,57.0,81.0,122.0,172.0,201.0,217.0,238.0,222.0,161.0,108.0,60.0,41.0,1680.0
3370,1981-2010,46,48.4,71.7,106.6,162.3,200.3,195.4,208.4,197.0,139.0,100.8,47.6,36.2,1513.7
3376,1981-2010,46,50.3,73.5,120.0,183.8,233.0,224.1,241.5,216.6,155.4,115.8,53.8,38.5,1706.5
3382,1981-2010,46,73.3,93.8,130.7,172.3,210.6,211.1,240.0,222.1,164.7,122.2,71.2,54.1,1765.9
3383,1981-2010,46,72.4,94.6,132.6,173.9,213.1,212.9,242.0,224.7,166.3,122.8,71.0,53.0,1779.2
3385,1981-2010,46,72.8,94.7,132.8,173.8,213.0,212.7,241.8,224.4,166.7,122.9,71.3,53.2,1780.2
3388,1981-2010,46,71.6,92.5,128.5,170.8,207.0,207.7,236.6,219.3,161.6,121.6,69.8,52.9,1739.9
3390,1981-2010,46,71.7,91.8,128.7,172.3,208.0,210.5,239.8,221.1,163.3,121.0,69.3,53.4,1751.0
3402,1981-2010,46,66.4,88.7,122.0,157.0,186.6,197.6,221.9,207.6,158.1,114.6,69.6,49.2,1639.3
3404,1981-2010,46,50.7,75.9,111.2,168.9,207.4,196.2,212.1,193.8,139.3,108.7,54.4,40.7,1559.3
3425,1981-2010,46,57.2,83.3,118.8,168.7,201.1,212.3,232.8,217.8,160.8,110.9,58.6,41.4,1663.6
3426,1981-2010,42,55.0,75.0,117.0,180.0,225.0,213.0,233.0,220.0,154.0,121.0,58.0,46.0,1697.0
3432,1981-2010,46,60.5,79.9,119.0,161.7,191.5,207.0,228.6,216.2,158.5,110.1,64.5,44.7,1642.3
3442,1981-2010,46,38.8,71.8,111.2,173.7,202.0,206.9,222.6,208.9,144.0,93.7,38.6,28.8,1541.1
3484,1981-2010,42,49.0,79.0,121.0,173.0,213.0,217.0,240.0,220.0,154.0,100.0,47.0,37.0,1650.0
3485,1981-2010,42,53.0,77.0,118.0,166.0,201.0,211.0,236.0,217.0,152.0,99.0,53.0,39.0,1622.0
3486,1981-2010,46,50.7,80.1,119.0,172.8,207.2,214.0,234.5,220.1,159.5,105.9,54.3,38.3,1656.3
3509,1981-2010,46,47.7,68.7,113.5,177.3,222.4,207.9,224.0,207.2,149.0,110.9,49.8,37.0,1615.4
3513,1981-2010,42,51.0,75.0,104.0,158.0,194.0,182.0,203.0,195.0,144.0,104.0,49.0,43.0,1502.0
3518,1981-2010,46,67.8,89.1,129.7,164.0,198.4,213.3,237.5,219.4,167.6,116.3,71.6,54.1,1728.8
3519,1981-2010,46,63.3,87.5,130.5,166.4,201.4,217.3,241.4,222.4,166.4,112.9,67.8,49.5,1726.8
3527,1981-2010,46,46.1,71.9,105.9,159.9,191.3,187.6,203.1,191.4,136.6,94.9,45.1,35.6,1469.6
3537,1981-2010,46,42.4,64.0,108.8,175.4,228.5,205.6,222.8,206.6,143.1,104.3,51.9,34.4,1587.7
3540,1981-2010,42,51.0,77.0,108.0,163.0,190.0,193.0,206.0,192.0,139.0,102.0,54.0,41.0,1516.0
3541,1981-2010,46,53.1,78.8,110.0,162.9,191.1,191.9,205.0,191.3,139.9,104.6,56.5,43.1,1528.2
3545,1981-2010,42,46.0,78.0,120.0,173.0,202.0,215.0,234.0,216.0,156.0,101.0,51.0,37.0,1629.0
3565,1981-2010,46,46.4,78.1,113.5,170.3,208.2,209.9,228.7,213.7,154.1,106.6,48.6,34.6,1612.7
3571,1981-2010,42,43.0,72.0,106.0,168.0,205.0,201.0,221.0,211.0,150.0,105.0,45.0,34.0,1561.0
3575,1981-2010,46,49.6,83.5,123.0,177.8,207.3,219.6,239.0,221.5,163.0,106.9,55.3,40.2,1686.7
3576,1981-2010,46,50.8,83.9,127.1,178.5,207.3,219.5,237.4,221.3,166.2,106.9,55.5,41.1,1695.7
3577,1981-2010,46,48.5,68.9,116.1,180.6,232.6,214.3,231.9,209.3,151.4,112.3,52.1,38.2,1656.3
3578,1981-2010,46,48.1,80.0,121.0,177.5,212.8,215.8,234.9,218.1,157.8,104.0,46.3,38.0,1654.3
3590,1981-2010,46,43.1,76.4,116.6,174.5,205.0,209.9,226.7,211.5,151.1,100.2,44.5,33.2,1592.6
3591,1981-2010,42,55.0,78.0,114.0,164.0,191.0,193.0,209.0,195.0,144.0,109.0,60.0,44.0,1556.0
3595,1981-2010,46,46.9,75.2,111.1,164.2,190.8,195.0,208.8,195.7,140.5,96.9,47.8,36.1,1509.1
3603,1981-2010,42,55.0,82.0,120.0,170.0,206.0,211.0,232.0,217.0,161.0,109.0,57.0,43.0,1663.0
3605,1981-2010,46,51.3,76.1,117.0,164.7,198.7,209.5,233.2,212.4,149.8,94.5,49.6,36.5,1593.2
3621,1981-2010,46,51.5,75.8,116.3,164.5,198.0,203.5,223.2,203.6,145.8,94.8,50.0,38.5,1565.5
3623,1981-2010,42,54.0,78.0,114.0,165.0,191.0,194.0,209.0,195.0,141.0,107.0,59.0,42.0,1549.0
3639,1981-2010,42,48.0,75.0,118.0,180.0,233.0,206.0,221.0,205.0,146.0,109.0,56.0,38.0,1635.0
3640,1981-2010,46,48.0,72.5,105.9,163.6,201.8,189.0,203.8,184.2,133.8,105.8,53.6,39.1,1500.9
3659,1981-2010,46,52.8,81.0,114.4,162.7,187.7,195.0,212.6,197.7,147.0,105.0,56.9,41.2,1553.9
3660,1981-2010,42,49.0,77.0,113.0,161.0,186.0,192.0,211.0,196.0,145.0,103.0,51.0,38.0,1522.0
3666,1981-2010,46,54.8,84.2,114.7,173.3,212.8,214.3,232.5,217.8,158.3,112.2,54.7,39.9,1669.6
3667,1981-2010,46,49.4,79.4,113.7,170.7,208.7,209.9,229.1,214.3,155.5,107.9,50.5,36.4,1625.6
3671,1981-2010,46,58.7,84.2,122.0,164.4,197.5,211.9,233.4,218.4,158.7,105.6,59.2,41.6,1655.6
3672,1981-2010,46,62.6,83.3,121.6,163.2,194.5,209.4,230.8,216.9,160.0,110.6,65.9,47.0,1665.8
3679,1981-2010,42,69.0,89.0,120.0,159.0,188.0,179.0,209.0,195.0,145.0,214.0,68.0,52.0,1687.0
3694,1981-2010,46,52.0,74.8,101.5,152.2,188.9,179.8,196.4,191.9,139.1,99.4,50.7,43.7,1470.3
3705,1981-2010,46,61.1,82.0,119.5,160.0,191.1,208.7,230.9,217.6,159.7,112.0,64.5,45.0,1652.1
3722,1981-2010,46,62.9,85.8,127.3,173.9,214.4,212.8,241.5,224.0,161.3,115.5,63.8,49.1,1732.3
3734,1981-2010,42,52.0,83.0,121.0,173.0,205.0,214.0,235.0,219.0,160.0,106.0,56.0,39.0,1663.0
3735,1981-2010,46,60.8,87.6,124.6,171.7,210.5,206.9,233.5,215.6,155.9,115.6,59.4,45.9,1688.1
3739,1981-2010,46,51.4,80.1,113.5,168.6,206.5,200.3,222.5,210.8,153.6,111.8,51.9,42.0,1613.0
3744,1981-2010,46,35.7,62.8,99.0,158.4,194.2,188.1,200.4,187.2,127.6,84.2,36.8,26.4,1400.9
3751,1981-2010,46,64.5,88.3,126.8,166.1,198.4,207.7,233.4,215.3,157.8,112.5,66.3,49.7,1686.8
3752,1981-2010,46,48.7,73.2,103.0,164.0,202.4,195.7,212.9,207.7,150.2,110.6,53.8,41.3,1563.6
3753,1981-2010,46,49.5,73.5,109.1,164.4,201.9,190.8,205.7,187.0,136.5,107.2,54.9,40.4,1521.0
3776,1981-2010,46,50.6,83.0,124.8,179.7,211.6,217.8,232.9,217.9,159.5,107.0,51.2,41.0,1677.0
3777,1981-2010,46,52.1,78.3,121.7,169.6,201.2,220.9,241.6,226.2,162.7,102.7,56.9,37.6,1671.6
3788,1981-2010,46,59.7,76.4,117.5,176.1,218.1,203.2,225.2,215.9,153.4,120.4,58.9,47.7,1672.3
3790,1981-2010,46,41.8,68.4,105.9,167.3,212.1,191.0,204.6,191.7,138.9,104.8,49.6,35.0,1511.2
3791,1981-2010,42,42.0,68.0,106.0,167.0,213.0,190.0,204.0,191.0,139.0,105.0,50.0,36.0,1511.0
3815,1981-2010,42,46.0,73.0,109.0,164.0,203.0,190.0,207.0,189.0,138.0,104.0,52.0,37.0,1512.0
3818,1981-2010,46,48.5,71.4,111.1,176.9,225.7,212.1,222.6,206.2,148.7,111.8,52.0,37.8,1625.1
3821,1981-2010,42,58.0,77.0,114.0,171.0,215.0,204.0,221.0,210.0,149.0,115.0,59.0,47.0,1640.0
3825,1981-2010,46,47.0,79.1,118.2,171.1,200.0,210.3,229.8,213.1,154.2,101.3,51.6,38.0,1613.6
3836,1981-2010,42,40.0,73.0,105.0,165.0,201.0,202.0,217.0,202.0,142.0,96.0,38.0,30.0,1511.0
3856,1981-2010,46,92.3,103.6,133.0,155.8,181.3,181.1,211.6,198.7,154.7,131.9,89.8,75.5,1709.4
3857,1981-2010,42,87.0,103.0,132.0,158.0,183.0,185.0,216.0,201.0,154.0,129.0,85.0,70.0,1703.0
3867,1981-2010,46,44.1,70.3,109.8,171.4,212.5,192.1,205.2,191.6,139.1,103.8,50.9,36.5,1527.3
3875,1981-2010,46,50.6,82.3,118.6,173.6,210.8,209.5,229.9,215.5,157.3,109.1,50.2,39.8,1647.0
3878,1981-2010,46,51.4,87.2,123.9,182.5,223.9,217.4,240.6,224.5,160.7,115.9,50.6,42.3,1720.9
3879,1981-2010,46,52.5,87.5,125.3,182.0,224.3,217.4,241.3,225.4,161.8,116.3,51.8,42.9,1728.5
3883,1981-2010,46,53.6,75.9,109.1,162.8,198.3,188.3,210.6,202.6,145.1,110.7,52.6,42.5,1552.1
3897,1981-2010,42,43.0,64.0,118.0,184.0,242.0,219.0,238.0,216.0,153.0,111.0,52.0,34.0,1674.0
3903,1981-2010,46,35.5,68.9,114.4,175.4,201.1,214.2,232.3,212.8,149.7,92.6,41.7,28.4,1567.1
3904,1981-2010,42,36.0,69.0,114.0,174.0,200.0,214.0,231.0,211.0,150.0,93.0,42.0,29.0,1563.0
3915,1981-2010,46,55.5,76.0,117.0,179.2,226.2,211.8,231.4,217.5,155.9,119.9,60.3,45.2,1695.9
3922,1981-2010,46,48.3,75.1,114.3,161.9,183.5,185.5,203.8,196.7,149.6,102.8,50.8,36.0,1508.2
3924,1981-2010,46,59.6,82.8,122.3,170.0,201.7,218.1,238.1,222.4,162.7,109.8,64.7,45.4,1697.5
3925,1981-2010,42,61.0,81.0,119.0,170.0,199.0,214.0,234.0,220.0,163.0,110.0,66.0,46.0,1683.0
3927,1981-2010,46,56.7,83.8,128.0,165.9,203.4,216.7,242.3,223.3,165.3,109.7,60.7,44.2,1700.0
3929,1981-2010,46,47.9,78.8,120.5,174.8,206.7,218.5,238.1,222.0,160.4,102.9,52.9,36.4,1659.9
3939,1981-2010,46,53.2,82.2,121.6,169.8,199.9,210.9,229.9,215.5,159.5,105.3,58.4,42.2,1648.2
3946,1981-2010,42,50.0,75.0,105.0,160.0,191.0,183.0,208.0,200.0,144.0,110.0,50.0,40.0,1516.0
3955,1981-2010,46,40.3,59.7,108.2,175.8,229.6,205.4,223.9,206.7,141.2,104.2,50.0,32.9,1577.9
3974,1981-2010,46,41.4,73.7,109.0,168.6,205.6,204.7,225.2,211.5,151.8,104.6,44.4,30.2,1570.6
3975,1981-2010,42,45.0,76.0,110.0,167.0,204.0,201.0,222.0,210.0,153.0,107.0,48.0,34.0,1577.0
3988,1981-2010,46,55.0,77.7,121.4,189.4,233.1,222.9,244.7,228.0,160.4,122.8,59.1,44.0,1758.5
4005,1981-2010,46,67.9,88.2,121.7,164.0,199.1,193.7,224.7,206.4,151.2,120.0,67.8,49.8,1654.5
4018,1981-2010,46,68.6,88.8,127.6,169.0,205.5,208.2,234.6,216.5,158.6,115.7,66.8,50.3,1710.3
4024,1981-2010,42,46.0,65.0,120.0,193.0,258.0,235.0,256.0,221.0,155.0,112.0,53.0,37.0,1751.0
4029,1981-2010,46,43.2,70.0,105.7,163.8,205.1,189.3,202.3,188.2,135.0,103.2,49.9,34.6,1490.3
4032,1981-2010,42,55.0,73.0,113.0,162.0,204.0,190.0,205.0,196.0,144.0,111.0,58.0,45.0,1556.0
4036,1981-2010,42,53.0,74.0,112.0,170.0,212.0,204.0,218.0,205.0,145.0,108.0,53.0,41.0,1595.0
4038,1981-2010,46,41.6,63.6,100.4,164.4,215.9,191.0,208.8,192.7,135.8,103.1,49.5,33.8,1500.6
4039,1981-2010,42,40.0,62.0,99.0,163.0,215.0,190.0,208.0,191.0,135.0,102.0,48.0,33.0,1486.0
4053,1981-2010,46,53.2,81.0,128.1,170.8,203.6,221.2,244.8,223.4,158.7,103.1,56.2,40.1,1684.2
4063,1981-2010,46,45.5,72.4,106.9,162.8,200.3,182.8,196.6,187.5,136.4,103.9,49.4,37.2,1481.6
4066,1981-2010,46,70.3,87.6,128.8,165.7,198.0,198.4,229.0,212.8,152.7,115.6,67.9,52.2,1678.8
4077,1981-2010,46,46.6,73.9,116.0,169.0,199.1,216.4,236.0,219.9,156.2,98.3,51.0,33.1,1615.6
4079,1981-2010,46,52.3,72.9,110.7,168.7,208.9,200.8,217.2,206.1,145.1,108.4,52.7,39.9,1583.6
4091,1981-2010,46,100.0,106.8,126.8,155.2,181.2,166.5,202.9,195.4,157.2,147.1,100.0,81.2,1720.2
4094,1981-2010,46,55.9,84.8,131.9,172.7,206.1,217.4,243.5,222.7,161.4,108.0,59.0,41.7,1704.9
4100,1981-2010,46,50.5,73.7,108.1,161.4,194.6,186.7,201.9,185.7,134.7,105.8,53.6,40.4,1497.1
4127,1981-2010,42,48.0,76.0,104.0,157.0,177.0,173.0,190.0,182.0,133.0,100.0,49.0,37.0,1426.0
4149,1981-2010,46,60.8,76.6,104.8,160.0,194.9,182.8,206.0,199.4,141.8,111.8,58.0,52.3,1549.2
4152,1981-2010,46,64.3,85.6,122.9,158.3,188.0,208.1,236.4,218.0,162.6,118.2,69.0,47.1,1678.6
4154,1981-2010,42,56.0,79.0,110.0,160.0,190.0,185.0,200.0,188.0,138.0,107.0,58.0,46.0,1517.0
4156,1981-2010,46,41.8,64.0,111.0,177.9,231.3,208.7,225.5,210.5,145.2,104.1,54.1,35.5,1609.7
4160,1981-2010,42,63.0,85.0,122.0,164.0,195.0,209.0,230.0,217.0,160.0,112.0,67.0,48.0,1672.0
4166,1981-2010,46,60.8,83.7,121.7,163.9,195.7,211.2,233.4,218.2,160.8,109.5,63.3,44.2,1666.4
4174,1981-2010,42,49.0,74.0,108.0,165.0,203.0,190.0,205.0,187.0,135.0,108.0,53.0,39.0,1516.0
4177,1981-2010,42,50.0,81.0,124.0,176.0,209.0,223.0,245.0,229.0,165.0,104.0,57.0,38.0,1701.0
4189,1981-2010,46,58.3,84.5,124.0,164.9,195.1,208.2,231.7,215.6,157.6,105.1,61.4,42.7,1649.0
4233,1981-2010,46,44.5,74.5,110.0,167.4,199.8,199.3,215.7,203.7,145.4,98.7,44.2,34.2,1537.3
4240,1981-2010,46,63.2,83.1,117.3,161.6,190.1,190.3,205.9,193.6,148.0,115.8,68.6,51.1,1588.6
4275,1981-2010,46,43.0,68.2,106.3,169.2,214.8,194.7,211.0,196.4,142.1,105.7,49.3,34.2,1535.0
4278,1981-2010,46,48.7,78.9,115.4,172.0,207.1,208.4,228.3,214.7,154.1,105.7,49.1,36.0,1618.5
4280,1981-2010,42,50.0,80.0,117.0,171.0,206.0,207.0,227.0,213.0,155.0,106.0,50.0,37.0,1619.0
4287,1981-2010,46,50.2,78.9,118.2,170.9,207.2,212.1,232.8,217.5,159.1,106.3,52.3,37.9,1643.3
4288,1981-2010,46,47.1,73.0,107.8,163.1,202.6,191.9,205.3,190.1,136.9,104.0,50.9,37.6,1510.2
4294,1981-2010,46,61.7,81.5,121.6,163.2,198.3,213.4,235.2,219.7,161.0,110.0,64.3,46.3,1676.3
4300,1981-2010,42,67.0,86.0,123.0,160.0,195.0,213.0,235.0,222.0,165.0,120.0,72.0,52.0,1710.0
4320,1981-2010,46,41.4,63.3,108.9,175.5,229.3,205.8,222.7,207.4,143.1,105.3,50.6,33.1,1586.4
4323,1981-2010,46,49.7,79.3,120.8,171.5,200.7,207.3,224.5,211.3,154.3,100.7,54.8,40.6,1615.5
4327,1981-2010,46,62.3,87.8,119.7,167.0,206.9,199.9,220.9,209.2,157.2,119.8,61.2,53.2,1665.1
4330,1981-2010,46,63.7,85.9,122.3,166.1,198.4,212.8,233.1,218.8,159.6,111.8,67.2,48.5,1688.4
4332,1981-2010,46,39.6,65.2,101.5,161.3,195.9,190.4,211.9,197.2,137.4,97.0,40.1,28.5,1465.9
4339,1981-2010,46,43.7,76.3,118.5,168.3,198.1,212.0,230.8,209.4,150.9,99.6,47.5,33.2,1588.3
4347,1981-2010,46,44.4,67.3,102.1,155.7,192.4,189.4,201.0,190.0,133.6,95.1,43.3,33.7,1448.0
4349,1981-2010,42,57.0,81.0,121.0,170.0,203.0,217.0,238.0,222.0,159.0,106.0,59.0,42.0,1675.0
4364,1981-2010,46,42.7,67.4,102.2,161.1,202.6,196.3,207.4,193.9,135.2,98.4,42.0,32.8,1482.0
4367,1981-2010,46,44.7,70.5,104.1,160.1,200.1,186.5,200.4,191.2,135.5,99.7,47.1,35.0,1474.9
4373,1981-2010,46,48.1,72.1,112.2,176.2,226.8,212.3,224.3,207.9,147.6,112.2,52.9,37.9,1630.4
4377,1981-2010,46,45.9,75.2,107.7,164.6,200.3,200.2,216.6,202.5,144.7,99.7,45.2,36.2,1538.9
4391,1981-2010,46,45.8,69.5,113.5,180.0,230.2,205.4,221.9,206.9,144.8,105.4,53.7,36.8,1613.9
4396,1981-2010,46,48.7,80.4,119.3,170.6,199.5,210.4,230.1,212.7,155.7,102.0,53.1,40.0,1622.4
4397,1981-2010,46,47.6,80.2,118.9,170.3,199.3,209.7,229.4,212.3,155.1,101.9,52.1,38.9,1615.7
4401,1981-2010,46,48.8,74.4,108.9,163.1,199.2,194.4,206.4,191.3,137.1,104.8,50.9,38.2,1517.6
4419,1981-2010,46,54.3,80.5,126.5,165.7,194.4,219.7,240.3,223.0,161.2,107.4,59.7,41.6,1674.4
4425,1981-2010,46,49.7,82.9,120.4,171.0,199.6,211.5,231.9,213.7,158.2,103.5,54.0,42.1,1638.4
4433,1981-2010,46,60.0,85.4,123.6,166.4,198.6,211.0,234.8,216.2,156.6,107.4,60.9,44.7,1665.6
4436,1981-2010,46,44.9,70.7,102.6,159.9,191.6,192.9,206.6,192.6,135.6,93.0,42.2,33.0,1465.5
4438,1981-2010,46,49.3,79.9,110.5,168.9,206.6,206.2,223.7,211.9,153.0,105.7,48.7,38.0,1602.6
4445,1981-2010,42,53.0,75.0,98.0,154.0,192.0,182.0,193.0,185.0,129.0,98.0,45.0,45.0,1449.0
4464,1981-2010,42,56.0,77.0,109.0,163.0,200.0,188.0,211.0,202.0,147.0,110.0,54.0,43.0,1560.0
4468,1981-2010,46,43.7,66.0,110.8,176.9,233.6,210.6,226.3,209.7,142.9,100.3,55.3,38.8,1614.9
4474,1981-2010,46,40.2,72.3,116.7,170.4,198.3,207.2,221.6,205.7,145.6,92.6,45.7,31.5,1547.9
4479,1981-2010,46,43.5,73.6,110.0,167.4,199.8,200.3,216.7,203.7,145.5,97.9,43.2,33.2,1534.8
4480,1981-2010,42,39.0,71.0,109.0,170.0,202.0,204.0,220.0,206.0,145.0,96.0,39.0,29.0,1530.0
4484,1981-2010,46,41.1,65.2,107.0,168.8,216.5,193.8,212.5,198.2,142.7,105.1,48.7,32.2,1531.8
4485,1981-2010,42,40.0,69.0,103.0,162.0,198.0,197.0,213.0,199.0,139.0,95.0,39.0,30.0,1484.0
4489,1981-2010,46,50.2,70.3,105.4,159.5,201.9,195.7,205.1,192.6,131.6,100.9,45.5,40.1,1498.9
4490,1981-2010,46,44.9,78.1,119.0,172.6,201.3,213.5,234.1,214.6,154.7,99.7,49.5,36.2,1618.3
4505,1981-2010,46,62.9,79.3,105.6,156.5,190.4,176.9,198.9,196.0,145.5,116.6,61.1,51.8,1541.6
4508,1981-2010,46,54.3,79.9,115.4,158.5,183.5,187.6,204.3,191.0,146.5,106.7,59.9,43.9,1531.4
4548,1981-2010,42,41.0,64.0,98.0,159.0,198.0,192.0,211.0,202.0,139.0,97.0,41.0,31.0,1473.0
4557,1981-2010,46,61.7,83.0,125.2,162.4,193.5,214.9,239.2,221.9,161.4,112.2,66.2,47.7,1689.2
4559,1981-2010,42,45.0,78.0,115.0,171.0,209.0,205.0,225.0,206.0,148.0,108.0,46.0,37.0,1593.0
4571,1981-2010,46,51.0,73.2,102.7,155.6,195.6,188.3,198.4,188.9,136.7,102.0,48.2,41.0,1481.5
4576,1981-2010,46,50.5,79.5,115.7,171.4,207.5,208.7,228.0,214.4,155.5,106.8,51.4,37.5,1626.8
4581,1981-2010,46,56.7,80.2,117.7,169.3,204.0,216.1,238.3,220.4,157.4,104.9,56.0,39.1,1660.2
4582,1981-2010,46,55.3,82.4,120.3,170.4,205.0,212.3,233.8,217.4,160.5,107.1,57.2,40.7,1662.3
4584,1981-2010,46,65.1,92.8,130.9,175.2,217.8,215.5,240.8,220.8,162.3,116.0,62.5,48.8,1748.4
4586,1981-2010,46,47.2,76.4,116.0,167.4,196.5,203.4,219.0,204.1,146.0,96.3,49.0,36.5,1557.8
4592,1981-2010,46,44.5,76.0,113.8,171.4,208.4,206.3,228.0,212.3,151.7,104.3,44.3,34.8,1595.9
4593,1981-2010,46,48.9,71.3,108.3,165.3,208.8,200.3,212.3,199.9,141.0,105.6,49.3,38.2,1549.1
4597,1981-2010,46,67.9,85.6,121.3,152.9,178.3,176.9,212.0,194.0,144.6,117.2,70.5,51.6,1572.7
4605,1981-2010,42,39.0,46.0,99.0,154.0,185.0,176.0,201.0,184.0,132.0,92.0,40.0,28.0,1376.0
4606,1981-2010,46,54.8,74.5,116.9,180.0,225.9,213.3,233.4,219.8,154.5,120.1,57.6,45.3,1696.0
4612,1981-2010,46,55.0,73.4,102.4,160.4,191.0,183.4,207.7,197.6,139.0,108.6,50.9,44.2,1513.7
4621,1981-2010,46,40.7,71.7,107.8,167.4,203.2,204.6,222.7,206.7,146.6,96.9,40.8,29.8,1538.9
4629,1981-2010,46,44.4,67.3,110.6,177.6,228.1,206.0,218.9,206.0,141.1,101.1,53.7,37.2,1592.1
4649,1981-2010,46,51.5,77.6,109.1,162.9,190.7,192.2,205.5,192.0,139.3,103.4,54.3,41.5,1519.9
4651,1981-2010,46,42.9,67.5,100.7,158.2,197.6,189.1,201.1,190.0,132.8,96.1,42.1,33.1,1451.3
4656,1981-2010,46,42.2,64.8,108.7,174.7,228.2,204.0,221.6,206.0,143.7,106.2,51.1,33.6,1584.7
4664,1981-2010,46,39.4,61.8,96.8,158.2,198.2,192.2,211.6,202.1,137.5,94.1,38.4,28.9,1459.2
4692,1981-2010,46,43.6,74.1,107.6,163.7,191.5,192.8,208.5,193.4,136.9,97.1,43.8,32.7,1485.8
4702,1981-2010,46,62.2,85.8,124.7,163.5,195.5,208.2,232.4,216.8,160.1,110.4,65.4,47.2,1672.4
4703,1981-2010,46,61.3,84.6,124.9,163.5,196.1,210.3,234.4,217.7,160.8,109.9,64.3,46.1,1673.9
4704,1981-2010,42,57.0,85.0,125.0,164.0,193.0,203.0,225.0,204.0,155.0,113.0,63.0,44.0,1631.0
4705,1981-2010,46,55.3,81.2,111.2,164.2,202.3,192.3,216.0,210.2,154.6,114.3,55.5,45.6,1602.7
4709,1981-2010,42,49.0,79.0,117.0,167.0,195.0,201.0,217.0,203.0,148.0,100.0,52.0,39.0,1567.0
4719,1981-2010,46,48.4,74.8,118.8,172.8,206.0,215.0,234.8,221.1,158.6,103.7,53.2,38.5,1645.7
4729,1981-2010,46,43.4,73.5,112.0,168.6,201.0,202.5,219.8,205.8,147.8,98.0,44.0,33.4,1549.8
4741,1981-2010,46,51.5,76.2,108.7,162.7,192.2,190.3,203.9,190.1,135.6,104.1,54.4,41.0,1510.8
4748,1981-2010,42,50.0,72.0,110.0,165.0,207.0,201.0,216.0,203.0,142.0,104.0,50.0,37.0,1557.0
4752,1981-2010,42,49.0,77.0,105.0,163.0,200.0,190.0,209.0,202.0,147.0,104.0,48.0,40.0,1534.0
4763,1981-2010,42,42.0,67.0,104.0,161.0,195.0,194.0,208.0,193.0,136.0,95.0,41.0,30.0,1466.0
4765,1981-2010,46,41.7,67.6,104.5,161.5,197.6,195.6,207.3,193.5,135.3,94.6,41.1,29.9,1470.2
4775,1981-2010,46,43.9,73.4,106.7,168.1,205.4,202.3,222.5,211.4,150.7,105.7,45.7,34.4,1570.2
4782,1981-2010,46,56.2,75.5,114.0,175.1,220.9,209.9,224.1,209.3,149.7,115.1,57.0,44.9,1651.5
4813,1981-2010,46,47.4,76.2,108.7,166.8,203.7,201.5,219.8,207.9,150.6,104.6,47.7,37.2,1572.1
4818,1981-2010,46,47.0,72.3,105.4,165.1,202.9,197.9,216.2,207.8,150.0,108.0,49.2,37.5,1559.5
4837,1981-2010,46,60.6,85.2,124.1,160.5,191.7,213.2,236.8,223.4,164.1,116.9,66.7,44.1,1687.2
4841,1981-2010,42,45.0,70.0,112.0,177.0,226.0,203.0,218.0,203.0,144.0,106.0,53.0,36.0,1593.0
4847,1981-2010,46,49.4,74.1,107.8,157.8,193.9,188.4,200.0,188.8,137.4,99.3,48.9,38.7,1484.6
4857,1981-2010,42,43.0,67.0,107.0,171.0,221.0,199.0,216.0,202.0,143.0,106.0,50.0,33.0,1558.0
4878,1981-2010,42,55.0,76.0,108.0,159.0,199.0,187.0,202.0,192.0,139.0,106.0,53.0,45.0,1521.0
4881,1981-2010,46,57.4,82.9,127.2,167.7,201.1,218.0,241.8,222.0,161.3,107.6,60.5,43.3,1690.8
4896,1981-2010,46,41.5,62.0,108.8,179.0,235.1,216.0,228.8,209.2,144.2,100.3,54.3,36.4,1615.5
4911,1981-2010,42,47.0,81.0,125.0,182.0,227.0,227.0,245.0,225.0,165.0,109.0,47.0,39.0,1719.0
4926,1981-2010,46,66.9,87.9,124.9,168.8,204.4,218.0,237.4,222.8,160.2,112.1,68.9,51.4,1723.5
4927,1981-2010,46,66.8,88.2,124.6,167.7,203.1,216.0,236.0,221.9,160.5,112.5,68.9,51.1,1717.4
4931,1981-2010,46,72.5,91.7,125.9,165.6,202.1,212.7,232.5,219.0,162.4,115.1,72.9,56.3,1728.7
4933,1981-2010,46,67.6,89.6,125.4,165.1,200.7,213.2,233.1,220.3,161.8,113.2,69.7,51.9,1711.7
4939,1981-2010,46,56.0,74.3,112.5,163.2,205.2,193.2,207.1,198.0,144.1,110.3,56.7,44.6,1565.3
4977,1981-2010,46,50.3,71.9,112.3,176.1,223.1,211.9,224.6,208.4,149.7,111.6,53.3,39.5,1632.7
4978,1981-2010,42,43.0,74.0,106.0,165.0,199.0,201.0,216.0,200.0,141.0,97.0,40.0,33.0,1515.0
4987,1981-2010,46,47.0,76.0,117.1,170.3,202.1,206.4,226.8,211.8,156.3,102.5,49.1,35.5,1600.8
4997,1981-2010,42,59.0,77.0,111.0,170.0,212.0,201.0,221.0,209.0,148.0,115.0,58.0,46.0,1627.0
5009,1981-2010,42,47.0,67.0,113.0,177.0,233.0,211.0,226.0,203.0,149.0,112.0,52.0,37.0,1627.0
5014,1981-2010,46,43.6,68.1,107.0,169.3,214.6,195.0,209.7,195.3,140.8,105.3,50.2,35.2,1534.2
5017,1981-2010,46,48.4,75.3,106.0,161.9,198.0,190.2,209.6,200.8,146.4,105.3,48.6,38.9,1529.3
5024,1981-2010,46,52.5,73.5,113.3,174.9,220.2,212.4,225.2,209.0,150.8,112.5,55.1,41.4,1640.9
5032,1981-2010,46,43.4,74.4,113.9,171.1,205.5,209.4,229.7,213.0,153.0,98.7,44.0,32.1,1588.2
5039,1981-2010,46,40.4,69.0,103.8,163.8,198.4,197.8,212.3,198.1,137.6,94.5,39.5,29.5,1484.6
5046,1981-2010,42,46.0,74.0,106.0,166.0,202.0,197.0,219.0,210.0,149.0,107.0,47.0,37.0,1560.0
5047,1981-2010,46,76.5,90.1,125.9,156.7,185.7,206.9,232.5,215.5,162.9,122.5,75.7,56.0,1706.8
5059,1981-2010,46,66.3,82.1,115.8,147.1,174.5,190.5,215.0,200.5,152.1,110.7,69.5,50.8,1574.8
5064,1981-2010,46,52.5,75.9,111.0,165.6,197.7,194.3,208.5,191.9,136.9,108.2,56.0,41.1,1539.5
5067,1981-2010,46,45.0,70.3,102.7,153.7,196.4,181.3,198.9,190.1,132.5,98.7,46.9,33.4,1449.8
5068,1981-2010,46,54.9,75.9,115.1,177.7,221.8,211.0,229.4,214.0,152.3,117.4,57.5,44.2,1671.2
5074,1981-2010,46,71.9,93.2,126.2,172.9,213.1,205.3,239.8,216.5,162.8,127.3,72.4,51.9,1753.2
5075,1981-2010,46,72.5,92.5,124.9,170.2,208.6,200.9,235.3,213.4,160.9,126.6,72.3,52.7,1730.6
5078,1981-2010,46,41.9,64.5,120.4,185.8,246.5,222.8,243.6,222.2,156.5,112.9,51.2,33.3,1701.7
5088,1981-2010,46,42.6,63.3,122.1,197.4,258.7,238.5,262.7,226.9,162.4,113.3,50.4,34.0,1772.3
5097,1981-2010,42,46.0,66.0,117.0,184.0,243.0,219.0,239.0,211.0,152.0,111.0,52.0,36.0,1676.0
5099,1981-2010,42,39.0,68.0,113.0,169.0,198.0,207.0,225.0,209.0,144.0,90.0,40.0,29.0,1531.0
5105,1981-2010,46,67.2,88.2,123.0,160.2,191.0,201.4,225.4,213.1,160.0,112.8,69.3,50.5,1662.2
5107,1981-2010,46,67.7,89.2,124.1,159.5,190.1,200.7,224.5,212.0,160.6,113.7,70.2,51.1,1663.4
5109,1981-2010,42,48.0,69.0,117.0,182.0,237.0,216.0,235.0,210.0,152.0,113.0,52.0,37.0,1668.0
5111,1981-2010,46,66.8,88.6,123.9,166.8,203.5,198.2,228.9,209.9,156.0,120.1,67.0,50.5,1680.1
5120,1981-2010,46,61.9,83.0,120.7,165.0,197.8,211.1,233.8,219.5,160.0,110.0,63.2,44.8,1670.9
5127,1981-2010,46,68.9,86.4,125.4,158.9,188.8,205.6,228.9,208.4,161.3,114.3,69.5,53.9,1670.3
5128,1981-2010,46,65.8,85.3,126.4,160.6,191.9,209.3,231.3,211.6,161.3,110.9,65.3,50.0,1669.6
5133,1981-2010,42,39.0,69.0,106.0,159.0,190.0,186.0,201.0,190.0,133.0,94.0,39.0,28.0,1434.0
5138,1981-2010,46,52.2,81.9,130.3,174.6,208.3,225.5,247.4,226.3,158.1,100.5,54.9,40.7,1700.7
5142,1981-2010,46,47.9,68.4,122.9,191.2,244.4,221.1,246.2,219.5,157.6,111.6,51.2,35.6,1717.4
5146,1981-2010,42,44.0,69.0,107.0,169.0,218.0,201.0,215.0,202.0,146.0,107.0,51.0,34.0,1563.0
5149,1981-2010,42,49.0,79.0,116.0,171.0,207.0,209.0,230.0,215.0,156.0,105.0,50.0,37.0,1624.0
5158,1981-2010,42,51.0,74.0,111.0,169.0,217.0,208.0,218.0,205.0,145.0,111.0,52.0,40.0,1601.0
5165,1981-2010,46,46.1,69.8,107.9,168.0,215.4,200.3,214.4,201.3,145.3,108.1,51.8,35.5,1563.7
5185,1981-2010,46,50.6,79.5,111.6,169.5,208.8,208.8,228.6,212.9,154.2,107.6,51.8,35.8,1619.6
5229,1981-2010,46,67.6,85.6,121.8,154.8,186.9,205.4,227.0,213.0,160.7,114.8,71.5,52.3,1661.5
5236,1981-2010,46,40.8,69.4,107.0,168.4,211.9,193.0,207.2,194.4,137.9,104.8,48.3,33.0,1516.1
5244,1981-2010,46,43.8,78.0,120.2,174.0,203.7,216.9,238.8,216.7,155.3,99.2,48.0,34.5,1628.8
5250,1981-2010,46,59.8,87.6,137.6,177.6,208.6,233.8,254.9,236.3,173.4,113.2,65.3,48.7,1796.8
5252,1981-2010,46,42.8,68.2,103.3,160.8,201.3,188.8,202.6,191.1,134.1,98.0,45.1,32.6,1468.9
5267,1981-2010,46,47.7,71.2,107.9,166.2,211.0,203.3,214.4,201.0,141.0,105.8,48.0,37.3,1554.8
5275,1981-2010,42,48.0,79.0,121.0,175.0,207.0,219.0,240.0,223.0,160.0,103.0,53.0,37.0,1665.0
5277,1981-2010,46,41.2,70.9,108.1,165.9,194.3,194.9,209.7,197.5,139.1,93.9,40.0,31.4,1486.8
5279,1981-2010,46,34.3,61.4,99.1,159.4,196.0,190.9,204.0,189.7,127.8,84.6,35.3,24.4,1407.1
5280,1981-2010,46,42.3,65.0,108.0,173.7,226.7,202.5,219.9,204.7,143.0,105.8,50.8,33.5,1575.9
5282,1981-2010,46,59.1,76.1,111.8,171.5,216.8,200.5,223.6,210.9,149.8,118.3,59.2,50.4,1648.0
5284,1981-2010,46,64.5,86.1,123.6,167.9,203.0,217.5,237.3,221.1,159.6,110.7,66.6,49.3,1707.3
5291,1981-2010,46,77.1,89.6,122.3,151.6,180.1,198.1,223.7,209.6,160.9,122.4,78.0,58.2,1671.6
5296,1981-2010,46,41.4,70.7,107.1,161.8,193.8,191.7,205.4,193.6,137.0,96.4,41.4,30.4,1470.6
5300,1981-2010,42,41.0,73.0,109.0,172.0,199.0,203.0,218.0,206.0,141.0,93.0,39.0,30.0,1524.0
5306,1981-2010,46,64.4,86.3,112.4,159.2,193.4,184.9,205.7,189.7,137.4,120.0,63.6,53.7,1570.7
5317,1981-2010,46,46.3,70.4,104.0,163.6,201.5,194.6,215.3,206.8,146.3,104.0,46.2,36.3,1535.2
5320,1981-2010,46,57.1,81.3,120.9,161.6,191.8,213.3,240.1,220.9,159.4,112.5,61.1,40.5,1660.4
5335,1981-2010,42,46.0,71.0,106.0,162.0,199.0,196.0,212.0,199.0,141.0,100.0,46.0,35.0,1513.0
5347,1981-2010,42,42.0,69.0,105.0,159.0,196.0,192.0,204.0,190.0,133.0,94.0,41.0,31.0,1456.0
5349,1981-2010,42,49.0,69.0,115.0,181.0,235.0,215.0,232.0,209.0,152.0,113.0,54.0,39.0,1663.0
5361,1981-2010,46,39.3,68.5,105.7,165.6,196.9,198.4,212.9,198.4,138.1,91.5,37.5,28.3,1481.2
5369,1981-2010,46,63.8,87.4,124.0,169.2,204.9,200.1,229.7,212.6,155.2,118.0,64.9,46.6,1676.4
5371,1981-2010,46,57.8,83.2,104.1,162.2,199.3,197.4,211.1,199.7,142.3,105.9,52.7,48.6,1564.3
5377,1981-2010,46,96.0,103.4,125.2,143.6,174.3,152.4,184.6,184.3,157.8,138.7,98.4,78.6,1637.3
5397,1981-2010,46,46.2,77.4,108.1,167.9,207.1,196.9,221.8,213.5,154.3,109.9,45.1,36.4,1584.7
5398,1981-2010,46,50.6,79.9,118.5,172.3,208.3,209.1,229.7,216.5,156.8,107.2,52.2,38.4,1639.6
5403,1981-2010,46,48.0,78.2,115.5,171.1,206.7,209.4,229.5,215.1,155.8,104.6,49.2,35.7,1618.7
5404,1981-2010,42,65.0,93.0,133.0,174.0,215.0,214.0,238.0,220.0,164.0,116.0,63.0,49.0,1744.0
5410,1981-2010,46,42.2,72.9,111.5,169.7,196.2,202.5,216.9,202.3,141.2,94.3,41.9,31.0,1522.7
5419,1981-2010,46,60.2,75.5,113.4,167.5,205.1,196.6,217.7,205.7,149.3,117.8,59.6,47.3,1615.5
5424,1981-2010,42,59.0,75.0,112.0,167.0,205.0,196.0,215.0,209.0,148.0,116.0,60.0,46.0,1608.0
5426,1981-2010,46,60.3,90.5,124.0,172.4,202.4,212.2,233.1,217.3,163.8,114.9,67.2,51.6,1709.4
5429,1981-2010,46,51.0,79.6,119.1,172.3,207.6,216.9,237.7,221.1,159.8,105.5,55.2,38.4,1664.3
5431,1981-2010,46,48.2,71.0,112.3,178.4,228.3,212.9,224.0,206.3,149.6,112.2,51.9,37.3,1632.3
5433,1981-2010,46,46.3,77.4,117.9,170.4,196.6,209.1,228.1,210.4,153.0,99.9,50.8,38.2,1598.0
5434,1981-2010,46,44.5,73.0,107.3,166.6,203.8,202.0,220.6,208.0,150.2,103.9,45.5,34.7,1560.1
5435,1981-2010,46,62.2,84.5,121.4,166.7,198.2,211.6,232.0,218.8,160.1,110.8,65.9,47.1,1679.3
5440,1981-2010,46,59.4,87.4,123.4,177.0,215.5,217.7,234.5,220.8,162.6,111.4,57.1,44.8,1711.8
5442,1981-2010,46,54.4,75.1,112.5,173.7,216.6,206.3,223.0,211.0,147.8,112.8,55.9,42.9,1632.0
5445,1981-2010,46,48.8,71.0,109.5,167.8,207.7,202.0,217.2,204.6,143.2,104.2,48.4,36.1,1560.6
5453,1981-2010,46,52.0,78.8,123.0,166.0,196.8,221.6,242.4,224.0,161.4,105.7,57.1,38.4,1667.2
5460,1981-2010,46,71.6,88.6,125.3,160.8,194.6,212.8,234.4,220.6,165.6,120.2,74.7,55.3,1724.3
5463,1981-2010,46,52.4,73.7,120.1,183.7,229.3,218.2,238.2,221.0,155.7,118.9,56.0,41.9,1709.2
5467,1981-2010,46,116.9,118.0,129.6,145.9,172.5,160.0,192.4,184.3,150.9,154.6,105.5,96.2,1726.8
5480,1981-2010,42,48.0,73.0,108.0,163.0,198.0,193.0,206.0,190.0,135.0,104.0,50.0,37.0,1505.0
5488,1981-2010,46,43.1,74.2,111.0,169.4,204.6,206.4,225.2,210.2,149.8,99.1,43.3,32.0,1568.3
5490,1981-2010,42,53.0,73.0,108.0,160.0,203.0,196.0,205.0,193.0,133.0,105.0,48.0,43.0,1520.0
5498,1981-2010,46,41.4,70.6,112.5,170.5,202.2,208.0,227.9,212.8,152.2,97.3,44.4,31.5,1571.1
5514,1981-2010,46,49.1,73.3,122.3,187.5,244.0,220.1,232.0,214.2,148.4,102.1,55.7,40.8,1689.3
5516,1981-2010,42,46.0,67.0,122.0,193.0,255.0,234.0,254.0,223.0,157.0,113.0,56.0,36.0,1756.0
5538,1981-2010,42,72.0,90.0,130.0,165.0,197.0,197.0,228.0,212.0,154.0,117.0,70.0,54.0,1686.0
5541,1981-2010,42,42.0,74.0,112.0,173.0,201.0,206.0,222.0,210.0,145.0,94.0,42.0,31.0,1552.0
5543,1981-2010,46,45.3,75.9,116.5,170.9,200.0,206.7,222.9,208.7,148.4,96.5,46.9,35.1,1573.8
5546,1981-2010,42,54.0,76.0,112.0,175.0,218.0,209.0,226.0,211.0,154.0,117.0,57.0,44.0,1653.0
5559,1981-2010,46,63.5,82.5,119.3,162.3,191.8,205.9,226.5,213.3,158.7,110.5,67.9,48.6,1650.8
5562,1981-2010,42,63.0,82.0,119.0,162.0,189.0,203.0,224.0,214.0,158.0,112.0,68.0,48.0,1642.0
5568,1981-2010,46,41.5,70.3,109.1,164.5,195.6,196.5,210.4,196.9,141.8,98.6,42.2,29.6,1497.1
5575,1981-2010,46,44.9,70.6,112.8,177.9,223.4,200.9,214.6,200.4,143.8,106.3,52.9,37.1,1585.6
5582,1981-2010,46,37.3,70.5,105.9,154.1,186.3,179.5,195.0,184.9,129.3,91.2,39.1,27.8,1400.8
5609,1981-2010,46,57.1,81.7,120.5,167.9,201.2,215.9,236.9,219.6,159.0,107.0,58.7,41.1,1666.6
5624,1981-2010,46,46.6,68.2,116.9,184.8,243.8,219.8,236.3,213.0,151.7,112.8,54.3,36.9,1685.0
5629,1981-2010,46,57.7,77.0,115.0,178.0,221.4,210.8,226.6,214.1,153.8,116.5,58.9,45.5,1675.3
5640,1981-2010,42,45.0,71.0,115.0,179.0,223.0,201.0,214.0,199.0,143.0,106.0,53.0,38.0,1587.0
5642,1981-2010,46,48.4,71.1,115.1,182.4,230.8,213.9,231.5,212.5,151.8,113.1,51.9,38.1,1660.7
5643,1981-2010,42,48.0,71.0,115.0,182.0,231.0,214.0,232.0,213.0,152.0,113.0,52.0,38.0,1661.0
5644,1981-2010,46,41.4,68.1,103.6,161.9,198.2,194.7,205.8,193.1,133.8,94.5,40.9,30.0,1466.2
5654,1981-2010,46,50.6,79.5,119.2,172.1,209.8,213.8,235.3,223.4,163.2,109.8,54.8,38.8,1670.3
5663,1981-2010,46,50.3,70.1,118.3,184.0,237.8,216.5,236.3,211.7,153.5,115.0,53.4,39.4,1686.4
5664,1981-2010,46,57.4,78.5,114.0,149.6,173.0,190.5,208.7,200.7,154.7,109.4,63.4,39.7,1539.6
5675,1981-2010,46,47.6,70.2,109.3,170.3,217.9,209.4,219.4,205.2,146.0,108.6,49.7,35.5,1589.1
5676,1981-2010,46,48.8,71.3,108.5,169.2,215.4,206.5,216.0,203.8,144.8,109.7,50.4,37.0,1581.4
5681,1981-2010,46,44.0,75.5,117.3,170.8,198.8,209.8,227.0,211.7,151.9,98.5,49.0,34.3,1588.6
5688,1981-2010,46,68.1,88.4,123.4,154.7,183.5,201.6,229.3,213.7,163.2,121.5,73.5,50.8,1671.7
5692,1981-2010,46,46.4,78.8,120.9,177.8,209.4,216.0,234.2,219.6,158.5,101.4,51.4,37.1,1651.5
5703,1981-2010,46,49.8,80.1,117.4,172.4,206.9,208.5,229.6,214.3,156.0,102.4,48.2,37.0,1622.6
5705,1981-2010,46,53.5,83.9,119.0,172.1,206.6,207.6,228.7,213.8,158.1,104.2,51.7,40.9,1640.1
5707,1981-2010,46,49.9,80.2,117.4,172.4,206.9,208.6,229.6,214.3,156.0,102.4,48.2,37.0,1622.9
5715,1981-2010,42,46.0,69.0,105.0,164.0,206.0,195.0,206.0,194.0,140.0,103.0,50.0,36.0,1514.0
5717,1981-2010,46,51.8,76.1,109.2,162.8,193.8,189.7,204.0,189.4,135.9,105.8,54.5,41.4,1514.4
5719,1981-2010,46,52.9,77.4,108.9,161.6,191.7,187.4,201.8,188.6,136.2,105.8,55.5,42.4,1510.3
5728,1981-2010,46,48.8,69.6,114.8,186.4,233.4,218.9,233.8,215.4,153.5,111.3,49.8,37.8,1673.5
5731,1981-2010,46,58.6,81.8,122.1,162.0,191.8,213.1,241.2,221.1,160.3,111.8,60.7,41.1,1665.6
5732,1981-2010,46,46.9,71.7,117.6,183.9,241.3,220.6,232.0,214.5,148.5,102.6,56.5,37.8,1673.9
5745,1981-2010,46,49.9,70.0,116.2,183.5,230.3,216.2,233.4,214.1,151.7,111.9,52.1,38.2,1667.7
5750,1981-2010,42,58.0,77.0,113.0,171.0,214.0,201.0,221.0,209.0,149.0,115.0,58.0,46.0,1632.0
5761,1981-2010,46,53.8,74.5,114.1,175.5,221.1,212.2,226.5,210.7,151.2,113.6,56.4,42.7,1652.4
5778,1981-2010,46,50.5,69.5,124.9,193.6,255.3,234.9,259.0,223.3,161.5,118.6,54.2,41.0,1786.3
5792,1981-2010,46,136.4,141.2,155.5,164.6,175.1,153.2,181.2,175.7,169.4,178.1,130.6,117.7,1878.6
5797,1981-2010,42,56.0,75.0,107.0,165.0,203.0,193.0,216.0,206.0,145.0,112.0,54.0,45.0,1577.0
5800,1981-2010,42,65.0,86.0,114.0,165.0,196.0,189.0,212.0,203.0,153.0,125.0,63.0,53.0,1624.0
5802,1981-2010,46,66.0,87.6,116.2,164.9,196.0,188.0,210.2,202.5,154.8,126.2,64.1,53.8,1630.4
5821,1981-2010,46,43.3,68.3,106.0,166.1,207.7,189.3,202.0,189.4,137.2,103.9,48.3,35.3,1496.7
5822,1981-2010,42,43.0,68.0,106.0,166.0,209.0,189.0,202.0,190.0,138.0,104.0,48.0,35.0,1498.0
5825,1981-2010,42,48.0,71.0,112.0,180.0,226.0,212.0,229.0,212.0,151.0,115.0,54.0,38.0,1648.0
5832,1981-2010,46,47.1,70.7,111.7,176.0,226.5,210.0,223.4,207.3,147.5,111.2,52.6,36.6,1620.6
5839,1981-2010,42,47.0,73.0,113.0,178.0,216.0,192.0,205.0,190.0,139.0,105.0,53.0,40.0,1551.0
5856,1981-2010,42,55.0,89.0,126.0,180.0,221.0,216.0,238.0,221.0,162.0,118.0,54.0,46.0,1726.0
5871,1981-2010,42,48.0,79.0,114.0,165.0,194.0,201.0,219.0,202.0,147.0,100.0,53.0,39.0,1561.0
5885,1981-2010,46,58.4,83.1,121.0,165.6,198.4,212.5,234.2,218.6,158.3,106.7,59.4,41.2,1657.4
5890,1981-2010,46,76.2,94.9,129.3,155.1,184.0,188.8,218.4,198.0,149.3,122.6,75.6,55.2,1647.4
5898,1981-2010,46,66.2,87.6,124.0,168.5,203.9,217.1,236.6,221.3,159.8,112.2,68.3,51.1,1716.7
5904,1981-2010,46,53.0,83.1,122.4,175.4,218.0,214.6,237.0,220.9,159.6,110.6,54.4,40.7,1689.7
5906,1981-2010,46,55.2,85.6,124.0,180.2,214.1,219.1,235.1,222.1,164.1,108.8,59.0,44.9,1712.2
5912,1981-2010,46,40.3,68.7,104.9,161.9,196.2,194.3,206.9,193.6,135.1,93.2,39.6,29.6,1464.3
5920,1981-2010,46,38.4,68.2,103.5,154.8,179.7,186.0,201.0,184.4,131.2,89.7,40.2,28.5,1405.5
5930,1981-2010,42,41.0,62.0,110.0,181.0,237.0,219.0,232.0,211.0,143.0,102.0,54.0,36.0,1628.0
5941,1981-2010,42,78.0,95.0,125.0,161.0,195.0,185.0,221.0,200.0,152.0,129.0,77.0,58.0,1676.0
5971,1981-2010,46,59.5,84.3,120.2,167.4,199.7,211.7,232.6,217.3,161.5,110.9,60.6,43.3,1668.9
6086,1981-2010,46,51.2,72.4,118.9,183.6,230.8,219.0,237.6,216.3,154.5,115.1,53.7,40.3,1693.5
6093,1981-2010,42,47.0,70.0,109.0,171.0,220.0,203.0,220.0,203.0,147.0,110.0,53.0,37.0,1590.0
6095,1981-2010,46,59.1,77.8,112.3,170.0,213.4,199.9,220.2,208.4,149.7,118.1,59.0,49.3,1637.3
6105,1981-2010,42,41.0,64.0,110.0,178.0,230.0,208.0,225.0,209.0,143.0,103.0,52.0,34.0,1597.0
6109,1981-2010,42,50.0,70.0,122.0,192.0,243.0,224.0,244.0,217.0,158.0,117.0,51.0,38.0,1726.0
6110,1981-2010,46,47.8,67.2,118.4,187.4,244.5,224.2,243.7,216.3,154.1,113.6,51.8,37.6,1706.6
6129,1981-2010,42,55.0,79.0,116.0,174.0,215.0,200.0,222.0,212.0,149.0,115.0,55.0,46.0,1638.0
6157,1981-2010,42,45.0,71.0,114.0,179.0,225.0,202.0,216.0,201.0,144.0,107.0,53.0,37.0,1594.0
6158,1981-2010,42,51.0,80.0,121.0,175.0,213.0,215.0,236.0,221.0,161.0,109.0,52.0,39.0,1673.0
6159,1981-2010,46,44.7,70.9,109.1,169.8,211.3,191.5,204.6,190.6,138.0,103.9,51.3,37.4,1523.2
6163,1981-2010,42,41.0,61.0,108.0,176.0,230.0,205.0,223.0,207.0,142.0,105.0,50.0,33.0,1581.0
6170,1981-2010,42,53.0,74.0,120.0,184.0,230.0,218.0,237.0,222.0,156.0,119.0,56.0,42.0,1711.0
6182,1981-2010,42,52.0,82.0,123.0,176.0,216.0,215.0,237.0,219.0,159.0,109.0,51.0,40.0,1679.0
6184,1981-2010,46,44.8,70.2,112.0,176.4,221.8,199.5,213.3,199.2,142.9,105.9,52.5,36.8,1575.2
6186,1981-2010,42,46.0,75.0,114.0,167.0,195.0,201.0,217.0,202.0,144.0,96.0,48.0,35.0,1540.0
6196,1981-2010,46,40.5,64.7,99.3,160.2,199.8,193.9,212.9,203.7,141.2,98.2,40.4,30.2,1485.0
6197,1981-2010,42,42.0,66.0,102.0,156.0,193.0,185.0,198.0,187.0,133.0,93.0,42.0,31.0,1428.0
6199,1981-2010,42,45.0,65.0,120.0,189.0,251.0,228.0,249.0,217.0,156.0,112.0,52.0,37.0,1721.0
6217,1981-2010,42,44.0,77.0,119.0,171.0,201.0,214.0,234.0,212.0,153.0,100.0,48.0,34.0,1607.0
6219,1981-2010,46,52.7,81.6,120.7,173.5,210.8,213.4,234.2,217.9,156.6,105.3,51.7,39.5,1657.9
6258,1981-2010,42,55.0,83.0,129.0,194.0,206.0,219.0,243.0,221.0,162.0,106.0,58.0,42.0,1718.0
6259,1981-2010,42,60.0,83.0,119.0,168.0,201.0,212.0,233.0,218.0,162.0,113.0,61.0,45.0,1675.0
6260,1981-2010,42,56.0,84.0,121.0,172.0,209.0,214.0,235.0,219.0,162.0,109.0,58.0,43.0,1682.0
6262,1981-2010,42,65.0,85.0,119.0,169.0,204.0,214.0,237.0,220.0,157.0,105.0,58.0,41.0,1674.0
6263,1981-2010,42,56.0,81.0,125.0,166.0,198.0,215.0,240.0,220.0,160.0,108.0,60.0,42.0,1671.0
6264,1981-2010,42,45.0,72.0,107.0,156.0,190.0,187.0,201.0,187.0,134.0,96.0,44.0,34.0,1453.0
6265,1981-2010,42,51.0,74.0,113.0,178.0,225.0,213.0,229.0,213.0,152.0,115.0,55.0,41.0,1659.0
6266,1981-2010,42,47.0,70.0,107.0,165.0,208.0,201.0,212.0,199.0,139.0,104.0,47.0,35.0,1534.0
6272,1981-2010,42,42.0,70.0,105.0,163.0,198.0,197.0,212.0,198.0,139.0,96.0,41.0,31.0,1492.0
6273,1981-2010,42,49.0,72.0,110.0,175.0,221.0,211.0,222.0,207.0,147.0,111.0,52.0,38.0,1615.0
6275,1981-2010,42,59.0,86.0,122.0,166.0,195.0,208.0,230.0,217.0,158.0,107.0,60.0,41.0,1649.0
6304,1981-2010,46,51.4,80.7,115.4,169.6,206.5,203.4,224.5,212.7,155.6,110.1,52.6,39.9,1622.5
6305,1981-2010,42,45.0,70.0,106.0,164.0,202.0,198.0,211.0,199.0,139.0,99.0,44.0,33.0,1510.0
6310,1981-2010,42,50.0,69.0,124.0,193.0,254.0,234.0,259.0,223.0,161.0,118.0,54.0,40.0,1779.0
6312,1981-2010,42,48.0,80.0,114.0,170.0,209.0,210.0,229.0,214.0,154.0,108.0,50.0,36.0,1622.0
6314,1981-2010,42,59.0,77.0,111.0,169.0,212.0,200.0,219.0,208.0,150.0,118.0,60.0,49.0,1632.0
6336,1981-2010,42,42.0,73.0,112.0,169.0,204.0,207.0,226.0,211.0,151.0,90.0,43.0,31.0,1559.0
6337,1981-2010,42,48.0,71.0,109.0,164.0,200.0,191.0,205.0,189.0,136.0,105.0,51.0,38.0,1507.0
6344,1981-2010,42,43.0,73.0,114.0,170.0,196.0,205.0,218.0,203.0,142.0,93.0,42.0,31.0,1530.0
6346,1981-2010,42,67.0,88.0,129.0,170.0,206.0,209.0,235.0,217.0,158.0,115.0,66.0,49.0,1709.0
6347,1981-2010,42,43.0,72.0,109.0,168.0,203.0,203.0,222.0,207.0,149.0,99.0,43.0,32.0,1550.0
7075,1981-2010,42,54.0,83.0,122.0,176.0,218.0,216.0,239.0,221.0,160.0,110.0,55.0,43.0,1697.0
7099,1981-2010,42,44.0,68.0,103.0,160.0,202.0,195.0,206.0,193.0,136.0,99.0,42.0,34.0,1482.0
7105,1981-2010,42,74.0,94.0,125.0,169.0,207.0,199.0,233.0,212.0,161.0,128.0,75.0,55.0,1732.0
7106,1981-2010,42,48.0,74.0,108.0,163.0,205.0,195.0,206.0,192.0,138.0,104.0,51.0,38.0,1522.0
7135,1981-2010,46,59.9,86.4,129.2,168.0,202.9,214.3,240.7,219.5,159.3,109.3,62.8,46.6,1698.9
7187,1981-2010,42,44.0,74.0,115.0,170.0,201.0,204.0,224.0,211.0,154.0,101.0,47.0,34.0,1579.0
7244,1981-2010,46,45.9,66.5,111.4,175.1,220.5,204.9,222.1,204.0,147.2,107.5,49.2,36.1,1590.3
7298,1981-2010,42,44.0,67.0,111.0,179.0,229.0,206.0,220.0,207.0,141.0,100.0,53.0,36.0,1593.0
7319,1981-2010,42,53.0,79.0,119.0,170.0,205.0,211.0,232.0,214.0,153.0,101.0,52.0,39.0,1628.0
7321,1981-2010,42,51.0,74.0,110.0,169.0,208.0,201.0,218.0,206.0,145.0,108.0,51.0,39.0,1580.0
7325,1981-2010,42,134.0,139.0,155.0,166.0,175.0,157.0,183.0,177.0,169.0,176.0,128.0,114.0,1873.0
7329,1981-2010,42,57.0,77.0,106.0,161.0,196.0,188.0,210.0,202.0,145.0,114.0,55.0,46.0,1557.0
7330,1981-2010,42,48.0,74.0,106.0,158.0,193.0,190.0,202.0,186.0,133.0,102.0,51.0,37.0,1480.0
7331,1981-2010,42,49.0,77.0,115.0,162.0,196.0,208.0,231.0,209.0,148.0,94.0,47.0,35.0,1571.0
7341,1981-2010,42,49.0,81.0,122.0,179.0,211.0,217.0,233.0,218.0,158.0,105.0,50.0,40.0,1663.0
7343,1981-2010,42,57.0,73.0,105.0,161.0,199.0,187.0,208.0,201.0,143.0,110.0,52.0,46.0,1542.0
7350,1981-2010,42,57.0,83.0,115.0,169.0,206.0,200.0,221.0,208.0,152.0,116.0,56.0,47.0,1630.0
7351,1981-2010,42,51.0,70.0,117.0,183.0,234.0,215.0,234.0,212.0,152.0,116.0,55.0,40.0,1679.0
7364,1981-2010,42,56.0,76.0,114.0,177.0,221.0,211.0,227.0,212.0,151.0,115.0,57.0,44.0,1661.0
7367,1981-2010,42,42.0,67.0,103.0,159.0,199.0,190.0,203.0,191.0,133.0,96.0,44.0,31.0,1458.0
7368,1981-2010,42,45.0,70.0,105.0,162.0,198.0,195.0,210.0,197.0,138.0,98.0,45.0,32.0,1495.0
7369,1981-2010,42,51.0,79.0,119.0,170.0,206.0,211.0,232.0,218.0,160.0,108.0,54.0,39.0,1647.0
7370,1981-2010,42,49.0,78.0,115.0,170.0,207.0,202.0,224.0,209.0,152.0,111.0,50.0,40.0,1607.0
7373,1981-2010,42,50.0,78.0,125.0,192.0,235.0,218.0,228.0,209.0,151.0,111.0,58.0,42.0,1697.0
7374,1981-2010,42,49.0,74.0,110.0,167.0,204.0,193.0,207.0,190.0,136.0,108.0,55.0,40.0,1533.0
7389,1981-2010,42,51.0,73.0,120.0,184.0,231.0,220.0,237.0,217.0,155.0,116.0,54.0,41.0,1699.0
7393,1981-2010,42,54.0,74.0,116.0,179.0,224.0,211.0,231.0,218.0,153.0,119.0,57.0,45.0,1681.0
7394,1981-2010,42,44.0,69.0,103.0,164.0,202.0,197.0,216.0,207.0,147.0,104.0,46.0,34.0,1533.0
7395,1981-2010,42,49.0,80.0,122.0,180.0,222.0,220.0,242.0,222.0,160.0,109.0,49.0,39.0,1694.0
7396,1981-2010,42,43.0,68.0,103.0,164.0,194.0,190.0,204.0,194.0,137.0,89.0,39.0,34.0,1459.0
7403,1981-2010,42,72.0,92.0,130.0,165.0,198.0,206.0,237.0,215.0,160.0,120.0,74.0,57.0,1726.0
7410,1981-2010,42,41.0,72.0,109.0,167.0,195.0,195.0,210.0,198.0,139.0,94.0,41.0,31.0,1492.0
7412,1981-2010,42,42.0,73.0,111.0,170.0,204.0,207.0,226.0,212.0,151.0,100.0,45.0,33.0,1574.0
7419,1981-2010,42,56.0,76.0,109.0,164.0,202.0,192.0,214.0,204.0,147.0,112.0,55.0,45.0,1576.0
7420,1981-2010,42,52.0,76.0,114.0,175.0,218.0,207.0,225.0,214.0,148.0,112.0,56.0,40.0,1637.0
7424,1981-2010,42,57.0,78.0,117.0,156.0,187.0,176.0,210.0,199.0,147.0,113.0,59.0,40.0,1539.0
7427,1981-2010,42,41.0,64.0,108.0,174.0,226.0,203.0,220.0,204.0,142.0,104.0,50.0,33.0,1569.0
7428,1981-2010,42,43.0,71.0,104.0,163.0,199.0,195.0,213.0,201.0,143.0,98.0,42.0,34.0,1506.0
7431,1981-2010,42,72.0,91.0,127.0,166.0,202.0,201.0,230.0,212.0,157.0,120.0,71.0,54.0,1703.0
7432,1981-2010,42,47.0,70.0,109.0,170.0,217.0,208.0,219.0,204.0,146.0,108.0,49.0,35.0,1582.0
13670,1981-2010,42,51.0,75.0,110.0,165.0,199.0,193.0,209.0,190.0,136.0,108.0,55.0,40.0,1531.0
13674,1981-2010,42,48.0,79.0,119.0,172.0,205.0,213.0,232.0,219.0,158.0,104.0,53.0,37.0,1639.0
13675,1981-2010,42,40.0,66.0,103.0,161.0,200.0,190.0,203.0,191.0,134.0,95.0,42.0,30.0,1455.0
13696,1981-2010,42,48.0,73.0,107.0,161.0,194.0,189.0,203.0,186.0,134.0,104.0,51.0,38.0,1488.0
13700,1981-2010,42,51.0,75.0,108.0,160.0,192.0,186.0,201.0,187.0,135.0,105.0,53.0,41.0,1494.0
13710,1981-2010,42,56.0,85.0,124.0,176.0,217.0,215.0,238.0,220.0,159.0,115.0,56.0,43.0,1704.0
13711,1981-2010,42,47.0,75.0,106.0,163.0,198.0,193.0,214.0,201.0,142.0,103.0,47.0,36.0,1525.0
13713,1981-2010,42,48.0,76.0,104.0,158.0,183.0,181.0,194.0,185.0,132.0,99.0,50.0,39.0,1449.0
13776,1981-2010,46,43.9,68.6,105.0,162.9,206.0,196.3,207.8,194.7,137.9,100.8,45.4,33.7,1503.0
13777,1981-2010,42,47.0,71.0,109.0,168.0,214.0,206.0,216.0,203.0,143.0,108.0,49.0,37.0,1571.0
13965,1981-2010,42,81.0,96.0,128.0,160.0,190.0,202.0,225.0,215.0,161.0,115.0,70.0,51.0,1694.0
14138,1981-2010,42,53.0,74.0,120.0,185.0,230.0,220.0,239.0,220.0,158.0,119.0,56.0,42.0,1716.0
14311,1981-2010,46,39.8,73.1,111.3,157.2,180.0,187.1,203.0,186.8,141.2,98.9,48.9,29.9,1457.4
15000,1981-2010,42,63.0,83.0,118.0,164.0,195.0,196.0,211.0,196.0,148.0,120.0,70.0,50.0,1614.0
15207,1981-2010,42,43.0,71.0,109.0,160.0,196.0,193.0,204.0,191.0,137.0,94.0,42.0,32.0,1472.0
15444,1981-2010,42,59.0,86.0,123.0,169.0,202.0,214.0,236.0,217.0,156.0,102.0,57.0,44.0,1665.0
15555,1981-2010,46,76.4,95.0,129.8,161.8,192.1,195.2,223.9,207.1,155.4,122.0,75.5,59.3,1693.5
15926,1981-2010,46,44.6,75.9,113.4,171.2,208.5,206.2,228.1,212.3,151.8,105.2,44.9,34.9,1597.0
15951,1981-2010,46,49.1,80.1,120.6,170.8,200.8,212.5,231.4,216.1,158.3,103.2,54.1,38.2,1635.2
15963,1981-2010,46,52.4,75.6,110.9,165.5,198.2,194.0,208.4,191.5,136.7,108.1,55.9,41.1,1538.2
15965,1981-2010,46,40.2,73.2,110.7,169.3,202.5,203.1,221.7,207.3,148.6,97.9,40.7,30.8,1545.8
15979,1981-2010,46,46.8,77.5,116.6,167.2,195.3,202.7,219.4,203.7,148.3,99.2,51.1,37.0,1564.9
16085,1981-2010,46,45.5,69.4,111.0,174.3,221.6,197.3,211.5,197.1,141.6,104.2,51.9,36.9,1562.5
19087,1981-2010,46,59.8,86.0,117.7,168.8,203.8,199.3,221.1,207.8,153.4,121.9,59.0,48.7,1647.1
19171,1981-2010,46,41.3,64.3,107.0,173.2,225.3,202.3,218.8,203.5,141.5,103.6,50.4,33.1,1564.4
19172,1981-2010,46,45.0,68.0,110.0,176.1,227.3,202.5,218.8,204.8,142.1,105.2,53.4,35.9,1589.0
19580,1981-2010,44,57.5,90.2,126.0,155.9,188.3,198.4,220.1,219.5,162.9,119.9,66.0,39.6,1644.3
19607,1981-2010,46,52.3,69.7,104.3,162.8,201.7,190.9,211.7,203.1,142.0,107.1,47.8,41.3,1534.8
19617,1981-2010,46,44.9,77.2,112.4,171.2,207.3,207.0,226.6,213.8,154.2,105.7,46.9,32.9,1600.1
19647,1981-2010,46,43.3,77.0,116.2,169.3,201.4,209.4,228.8,214.4,155.8,102.4,49.0,32.4,1599.2
19781,1981-2010,46,50.6,82.1,123.0,176.7,217.1,219.4,240.2,222.1,159.1,104.5,48.9,39.1,1682.6
